timestamp,y_true,yhat,residual,z_resid,flag_z,cusum_plus,cusum_minus,flag_cusum
2020-08-21 07:00:00+00:00,4101.0,4058.0,43.0,,0,0.0,0.0,0
2020-08-21 08:00:00+00:00,4154.0,4125.0,29.0,,0,0.0,0.0,0
2020-08-21 09:00:00+00:00,4153.0,4095.0,58.0,,0,0.0,0.0,0
2020-08-21 10:00:00+00:00,4214.0,4113.0,101.0,,0,0.0,0.0,0
2020-08-21 11:00:00+00:00,4200.0,4066.0,134.0,,0,0.0,0.0,0
2020-08-21 12:00:00+00:00,4170.0,4046.0,124.0,,0,0.0,0.0,0
2020-08-21 13:00:00+00:00,4149.0,4027.0,122.0,,0,0.0,0.0,0
2020-08-21 14:00:00+00:00,4103.0,4003.0,100.0,,0,0.0,0.0,0
2020-08-21 15:00:00+00:00,4119.0,4053.0,66.0,,0,0.0,0.0,0
2020-08-21 16:00:00+00:00,4119.0,4106.0,13.0,,0,0.0,0.0,0
2020-08-21 17:00:00+00:00,4155.0,4133.0,22.0,,0,0.0,0.0,0
2020-08-21 18:00:00+00:00,4091.0,4074.0,17.0,,0,0.0,0.0,0
2020-08-21 19:00:00+00:00,3827.0,3794.0,33.0,,0,0.0,0.0,0
2020-08-21 20:00:00+00:00,3577.0,3524.0,53.0,,0,0.0,0.0,0
2020-08-21 21:00:00+00:00,3230.0,3217.0,13.0,,0,0.0,0.0,0
2020-08-21 22:00:00+00:00,2964.0,3029.0,-65.0,,0,0.0,0.0,0
2020-08-21 23:00:00+00:00,2844.0,2934.0,-90.0,,0,0.0,0.0,0
2020-08-22 00:00:00+00:00,2791.0,2895.0,-104.0,,0,0.0,0.0,0
2020-08-22 01:00:00+00:00,2776.0,2896.0,-120.0,,0,0.0,0.0,0
2020-08-22 02:00:00+00:00,2806.0,2992.0,-186.0,,0,0.0,0.0,0
2020-08-22 03:00:00+00:00,2896.0,3211.0,-315.0,,0,0.0,0.0,0
2020-08-22 04:00:00+00:00,3119.0,3532.0,-413.0,,0,0.0,0.0,0
2020-08-22 05:00:00+00:00,3472.0,3871.0,-399.0,,0,0.0,0.0,0
2020-08-22 06:00:00+00:00,3707.0,4056.0,-349.0,,0,0.0,0.0,0
2020-08-22 07:00:00+00:00,3809.0,4101.0,-292.0,,0,0.0,0.0,0
2020-08-22 08:00:00+00:00,3901.0,4154.0,-253.0,,0,0.0,0.0,0
2020-08-22 09:00:00+00:00,3919.0,4153.0,-234.0,,0,0.0,0.0,0
2020-08-22 10:00:00+00:00,3919.0,4214.0,-295.0,,0,0.0,0.0,0
2020-08-22 11:00:00+00:00,3888.0,4200.0,-312.0,,0,0.0,0.0,0
2020-08-22 12:00:00+00:00,3894.0,4170.0,-276.0,,0,0.0,0.0,0
2020-08-22 13:00:00+00:00,3902.0,4149.0,-247.0,,0,0.0,0.0,0
2020-08-22 14:00:00+00:00,3952.0,4103.0,-151.0,,0,0.0,0.0,0
2020-08-22 15:00:00+00:00,4008.0,4119.0,-111.0,,0,0.0,0.0,0
2020-08-22 16:00:00+00:00,3987.0,4119.0,-132.0,,0,0.0,0.0,0
2020-08-22 17:00:00+00:00,4044.0,4155.0,-111.0,,0,0.0,0.0,0
2020-08-22 18:00:00+00:00,3969.0,4091.0,-122.0,,0,0.0,0.0,0
2020-08-22 19:00:00+00:00,3717.0,3827.0,-110.0,,0,0.0,0.0,0
2020-08-22 20:00:00+00:00,3454.0,3577.0,-123.0,,0,0.0,0.0,0
2020-08-22 21:00:00+00:00,3204.0,3230.0,-26.0,,0,0.0,0.0,0
2020-08-22 22:00:00+00:00,2987.0,2964.0,23.0,,0,0.0,0.0,0
2020-08-22 23:00:00+00:00,2856.0,2844.0,12.0,,0,0.0,0.0,0
2020-08-23 00:00:00+00:00,2775.0,2791.0,-16.0,,0,0.0,0.0,0
2020-08-23 01:00:00+00:00,2761.0,2776.0,-15.0,,0,0.0,0.0,0
2020-08-23 02:00:00+00:00,2788.0,2806.0,-18.0,,0,0.0,0.0,0
2020-08-23 03:00:00+00:00,2834.0,2896.0,-62.0,,0,0.0,0.0,0
2020-08-23 04:00:00+00:00,3022.0,3119.0,-97.0,,0,0.0,0.0,0
2020-08-23 05:00:00+00:00,3336.0,3472.0,-136.0,,0,0.0,0.0,0
2020-08-23 06:00:00+00:00,3613.0,3707.0,-94.0,,0,0.0,0.0,0
2020-08-23 07:00:00+00:00,3755.0,3809.0,-54.0,,0,0.0,0.0,0
2020-08-23 08:00:00+00:00,3863.0,3901.0,-38.0,,0,0.0,0.0,0
2020-08-23 09:00:00+00:00,3921.0,3919.0,2.0,,0,0.0,0.0,0
2020-08-23 10:00:00+00:00,3894.0,3919.0,-25.0,,0,0.0,0.0,0
2020-08-23 11:00:00+00:00,3828.0,3888.0,-60.0,,0,0.0,0.0,0
2020-08-23 12:00:00+00:00,3822.0,3894.0,-72.0,,0,0.0,0.0,0
2020-08-23 13:00:00+00:00,3880.0,3902.0,-22.0,,0,0.0,0.0,0
2020-08-23 14:00:00+00:00,3947.0,3952.0,-5.0,,0,0.0,0.0,0
2020-08-23 15:00:00+00:00,3986.0,4008.0,-22.0,,0,0.0,0.0,0
2020-08-23 16:00:00+00:00,3992.0,3987.0,5.0,,0,0.0,0.0,0
2020-08-23 17:00:00+00:00,4115.0,4044.0,71.0,,0,0.0,0.0,0
2020-08-23 18:00:00+00:00,4061.0,3969.0,92.0,,0,0.0,0.0,0
2020-08-23 19:00:00+00:00,3817.0,3717.0,100.0,,0,0.0,0.0,0
2020-08-23 20:00:00+00:00,3516.0,3454.0,62.0,,0,0.0,0.0,0
2020-08-23 21:00:00+00:00,3216.0,3204.0,12.0,,0,0.0,0.0,0
2020-08-23 22:00:00+00:00,2995.0,2987.0,8.0,,0,0.0,0.0,0
2020-08-23 23:00:00+00:00,2897.0,2856.0,41.0,,0,0.0,0.0,0
2020-08-24 00:00:00+00:00,2854.0,2775.0,79.0,,0,0.0,0.0,0
2020-08-24 01:00:00+00:00,2858.0,2761.0,97.0,,0,0.0,0.0,0
2020-08-24 02:00:00+00:00,2944.0,2788.0,156.0,,0,0.0,0.0,0
2020-08-24 03:00:00+00:00,3196.0,2834.0,362.0,,0,0.0,0.0,0
2020-08-24 04:00:00+00:00,3532.0,3022.0,510.0,,0,0.0,0.0,0
2020-08-24 05:00:00+00:00,3934.0,3336.0,598.0,,0,0.0,0.0,0
2020-08-24 06:00:00+00:00,4154.0,3613.0,541.0,,0,0.0,0.0,0
2020-08-24 07:00:00+00:00,4240.0,3755.0,485.0,,0,0.0,0.0,0
2020-08-24 08:00:00+00:00,4328.0,3863.0,465.0,,0,0.0,0.0,0
2020-08-24 09:00:00+00:00,4348.0,3921.0,427.0,,0,0.0,0.0,0
2020-08-24 10:00:00+00:00,4425.0,3894.0,531.0,,0,0.0,0.0,0
2020-08-24 11:00:00+00:00,4412.0,3828.0,584.0,,0,0.0,0.0,0
2020-08-24 12:00:00+00:00,4410.0,3822.0,588.0,,0,0.0,0.0,0
2020-08-24 13:00:00+00:00,4376.0,3880.0,496.0,,0,0.0,0.0,0
2020-08-24 14:00:00+00:00,4284.0,3947.0,337.0,,0,0.0,0.0,0
2020-08-24 15:00:00+00:00,4292.0,3986.0,306.0,,0,0.0,0.0,0
2020-08-24 16:00:00+00:00,4283.0,3992.0,291.0,,0,0.0,0.0,0
2020-08-24 17:00:00+00:00,4338.0,4115.0,223.0,,0,0.0,0.0,0
2020-08-24 18:00:00+00:00,4216.0,4061.0,155.0,,0,0.0,0.0,0
2020-08-24 19:00:00+00:00,3927.0,3817.0,110.0,,0,0.0,0.0,0
2020-08-24 20:00:00+00:00,3630.0,3516.0,114.0,,0,0.0,0.0,0
2020-08-24 21:00:00+00:00,3290.0,3216.0,74.0,,0,0.0,0.0,0
2020-08-24 22:00:00+00:00,3097.0,2995.0,102.0,,0,0.0,0.0,0
2020-08-24 23:00:00+00:00,2989.0,2897.0,92.0,,0,0.0,0.0,0
2020-08-25 00:00:00+00:00,2928.0,2854.0,74.0,,0,0.0,0.0,0
2020-08-25 01:00:00+00:00,2943.0,2858.0,85.0,,0,0.0,0.0,0
2020-08-25 02:00:00+00:00,3040.0,2944.0,96.0,,0,0.0,0.0,0
2020-08-25 03:00:00+00:00,3256.0,3196.0,60.0,,0,0.0,0.0,0
2020-08-25 04:00:00+00:00,3567.0,3532.0,35.0,,0,0.0,0.0,0
2020-08-25 05:00:00+00:00,3964.0,3934.0,30.0,,0,0.0,0.0,0
2020-08-25 06:00:00+00:00,4155.0,4154.0,1.0,,0,0.0,0.0,0
2020-08-25 07:00:00+00:00,4215.0,4240.0,-25.0,,0,0.0,0.0,0
2020-08-25 08:00:00+00:00,4295.0,4328.0,-33.0,,0,0.0,0.0,0
2020-08-25 09:00:00+00:00,4278.0,4348.0,-70.0,,0,0.0,0.0,0
2020-08-25 10:00:00+00:00,4284.0,4425.0,-141.0,,0,0.0,0.0,0
2020-08-25 11:00:00+00:00,4242.0,4412.0,-170.0,,0,0.0,0.0,0
2020-08-25 12:00:00+00:00,4200.0,4410.0,-210.0,,0,0.0,0.0,0
2020-08-25 13:00:00+00:00,4168.0,4376.0,-208.0,,0,0.0,0.0,0
2020-08-25 14:00:00+00:00,4099.0,4284.0,-185.0,,0,0.0,0.0,0
2020-08-25 15:00:00+00:00,4122.0,4292.0,-170.0,,0,0.0,0.0,0
2020-08-25 16:00:00+00:00,4158.0,4283.0,-125.0,,0,0.0,0.0,0
2020-08-25 17:00:00+00:00,4187.0,4338.0,-151.0,,0,0.0,0.0,0
2020-08-25 18:00:00+00:00,4047.0,4216.0,-169.0,,0,0.0,0.0,0
2020-08-25 19:00:00+00:00,3787.0,3927.0,-140.0,,0,0.0,0.0,0
2020-08-25 20:00:00+00:00,3523.0,3630.0,-107.0,,0,0.0,0.0,0
2020-08-25 21:00:00+00:00,3219.0,3290.0,-71.0,,0,0.0,0.0,0
2020-08-25 22:00:00+00:00,3013.0,3097.0,-84.0,,0,0.0,0.0,0
2020-08-25 23:00:00+00:00,2902.0,2989.0,-87.0,,0,0.0,0.0,0
2020-08-26 00:00:00+00:00,2858.0,2928.0,-70.0,,0,0.0,0.0,0
2020-08-26 01:00:00+00:00,2877.0,2943.0,-66.0,,0,0.0,0.0,0
2020-08-26 02:00:00+00:00,2978.0,3040.0,-62.0,,0,0.0,0.0,0
2020-08-26 03:00:00+00:00,3227.0,3256.0,-29.0,,0,0.0,0.0,0
2020-08-26 04:00:00+00:00,3530.0,3567.0,-37.0,,0,0.0,0.0,0
2020-08-26 05:00:00+00:00,3888.0,3964.0,-76.0,,0,0.0,0.0,0
2020-08-26 06:00:00+00:00,4060.0,4155.0,-95.0,,0,0.0,0.0,0
2020-08-26 07:00:00+00:00,4100.0,4215.0,-115.0,,0,0.0,0.0,0
2020-08-26 08:00:00+00:00,4159.0,4295.0,-136.0,,0,0.0,0.0,0
2020-08-26 09:00:00+00:00,4160.0,4278.0,-118.0,,0,0.0,0.0,0
2020-08-26 10:00:00+00:00,4234.0,4284.0,-50.0,,0,0.0,0.0,0
2020-08-26 11:00:00+00:00,4196.0,4242.0,-46.0,,0,0.0,0.0,0
2020-08-26 12:00:00+00:00,4184.0,4200.0,-16.0,,0,0.0,0.0,0
2020-08-26 13:00:00+00:00,4216.0,4168.0,48.0,,0,0.0,0.0,0
2020-08-26 14:00:00+00:00,4159.0,4099.0,60.0,,0,0.0,0.0,0
2020-08-26 15:00:00+00:00,4190.0,4122.0,68.0,,0,0.0,0.0,0
2020-08-26 16:00:00+00:00,4220.0,4158.0,62.0,,0,0.0,0.0,0
2020-08-26 17:00:00+00:00,4301.0,4187.0,114.0,,0,0.0,0.0,0
2020-08-26 18:00:00+00:00,4219.0,4047.0,172.0,,0,0.0,0.0,0
2020-08-26 19:00:00+00:00,3910.0,3787.0,123.0,,0,0.0,0.0,0
2020-08-26 20:00:00+00:00,3613.0,3523.0,90.0,,0,0.0,0.0,0
2020-08-26 21:00:00+00:00,3281.0,3219.0,62.0,,0,0.0,0.0,0
2020-08-26 22:00:00+00:00,3062.0,3013.0,49.0,,0,0.0,0.0,0
2020-08-26 23:00:00+00:00,2947.0,2902.0,45.0,,0,0.0,0.0,0
2020-08-27 00:00:00+00:00,2902.0,2858.0,44.0,,0,0.0,0.0,0
2020-08-27 01:00:00+00:00,2902.0,2877.0,25.0,,0,0.0,0.0,0
2020-08-27 02:00:00+00:00,2997.0,2978.0,19.0,,0,0.0,0.0,0
2020-08-27 03:00:00+00:00,3235.0,3227.0,8.0,,0,0.0,0.0,0
2020-08-27 04:00:00+00:00,3521.0,3530.0,-9.0,,0,0.0,0.0,0
2020-08-27 05:00:00+00:00,3899.0,3888.0,11.0,,0,0.0,0.0,0
2020-08-27 06:00:00+00:00,4102.0,4060.0,42.0,,0,0.0,0.0,0
2020-08-27 07:00:00+00:00,4116.0,4100.0,16.0,,0,0.0,0.0,0
2020-08-27 08:00:00+00:00,4177.0,4159.0,18.0,,0,0.0,0.0,0
2020-08-27 09:00:00+00:00,4178.0,4160.0,18.0,,0,0.0,0.0,0
2020-08-27 10:00:00+00:00,4260.0,4234.0,26.0,,0,0.0,0.0,0
2020-08-27 11:00:00+00:00,4248.0,4196.0,52.0,,0,0.0,0.0,0
2020-08-27 12:00:00+00:00,4244.0,4184.0,60.0,,0,0.0,0.0,0
2020-08-27 13:00:00+00:00,4257.0,4216.0,41.0,,0,0.0,0.0,0
2020-08-27 14:00:00+00:00,4206.0,4159.0,47.0,,0,0.0,0.0,0
2020-08-27 15:00:00+00:00,4238.0,4190.0,48.0,,0,0.0,0.0,0
2020-08-27 16:00:00+00:00,4228.0,4220.0,8.0,,0,0.0,0.0,0
2020-08-27 17:00:00+00:00,4349.0,4301.0,48.0,,0,0.0,0.0,0
2020-08-27 18:00:00+00:00,4190.0,4219.0,-29.0,,0,0.0,0.0,0
2020-08-27 19:00:00+00:00,3950.0,3910.0,40.0,,0,0.0,0.0,0
2020-08-27 20:00:00+00:00,3636.0,3613.0,23.0,,0,0.0,0.0,0
2020-08-27 21:00:00+00:00,3283.0,3281.0,2.0,,0,0.0,0.0,0
2020-08-27 22:00:00+00:00,3067.0,3062.0,5.0,,0,0.0,0.0,0
2020-08-27 23:00:00+00:00,2967.0,2947.0,20.0,,0,0.0,0.0,0
2020-08-28 00:00:00+00:00,2932.0,2902.0,30.0,,0,0.0,0.0,0
2020-08-28 01:00:00+00:00,2924.0,2902.0,22.0,,0,0.0,0.0,0
2020-08-28 02:00:00+00:00,3025.0,2997.0,28.0,,0,0.0,0.0,0
2020-08-28 03:00:00+00:00,3264.0,3235.0,29.0,,0,0.0,0.0,0
2020-08-28 04:00:00+00:00,3582.0,3521.0,61.0,,0,0.0,0.0,0
2020-08-28 05:00:00+00:00,3950.0,3899.0,51.0,,0,0.0,0.0,0
2020-08-28 06:00:00+00:00,4120.0,4102.0,18.0,0.01615741137696984,0,0.0,0.0,0
2020-08-28 07:00:00+00:00,4197.0,4116.0,81.0,0.36897458653184717,0,0.0,0.0,0
2020-08-28 08:00:00+00:00,4246.0,4177.0,69.0,0.30039780919803016,0,0.0,0.0,0
2020-08-28 09:00:00+00:00,4259.0,4178.0,81.0,0.3669760778614852,0,0.0,0.0,0
2020-08-28 10:00:00+00:00,4360.0,4260.0,100.0,0.47290965073069435,0,0.0,0.0,0
2020-08-28 11:00:00+00:00,4321.0,4248.0,73.0,0.3186155379268518,0,0.0,0.0,0
2020-08-28 12:00:00+00:00,4332.0,4244.0,88.0,0.4026484965876506,0,0.0,0.0,0
2020-08-28 13:00:00+00:00,4311.0,4257.0,54.0,0.20803358391595894,0,0.0,0.0,0
2020-08-28 14:00:00+00:00,4244.0,4206.0,38.0,0.11615563764744626,0,0.0,0.0,0
2020-08-28 15:00:00+00:00,4255.0,4238.0,17.0,-0.004323672591046728,0,0.0,0.0,0
2020-08-28 16:00:00+00:00,4242.0,4228.0,14.0,-0.021525449524626407,0,0.0,0.0,0
2020-08-28 17:00:00+00:00,4304.0,4349.0,-45.0,-0.3608380460346479,0,0.0,0.0,0
2020-08-28 18:00:00+00:00,4149.0,4190.0,-41.0,-0.33665860875368303,0,0.0,0.0,0
2020-08-28 19:00:00+00:00,3888.0,3950.0,-62.0,-0.4569078357377767,0,0.0,0.0,0
2020-08-28 20:00:00+00:00,3652.0,3636.0,16.0,-0.003586343920662033,0,0.0,0.0,0
2020-08-28 21:00:00+00:00,3340.0,3283.0,57.0,0.23467772840093085,0,0.0,0.0,0
2020-08-28 22:00:00+00:00,3116.0,3067.0,49.0,0.18740708488718277,0,0.0,0.0,0
2020-08-28 23:00:00+00:00,2981.0,2967.0,14.0,-0.01759157022265944,0,0.0,0.0,0
2020-08-29 00:00:00+00:00,2918.0,2932.0,-14.0,-0.18157220056351212,0,0.0,0.0,0
2020-08-29 01:00:00+00:00,2905.0,2924.0,-19.0,-0.21043434386223311,0,0.0,0.0,0
2020-08-29 02:00:00+00:00,2946.0,3025.0,-79.0,-0.5627614529872043,0,0.0,0.06276145298720426,0
2020-08-29 03:00:00+00:00,3040.0,3264.0,-224.0,-1.4092738130050864,0,0.0,0.9720352659922906,0
2020-08-29 04:00:00+00:00,3238.0,3582.0,-344.0,-2.087124758364909,0,0.0,2.5591600243571992,0
2020-08-29 05:00:00+00:00,3570.0,3950.0,-380.0,-2.2604309784869323,0,0.0,4.319591002844131,0
2020-08-29 06:00:00+00:00,3818.0,4120.0,-302.0,-1.7894333985644348,0,0.0,5.609024401408566,1
2020-08-29 07:00:00+00:00,3953.0,4197.0,-244.0,-1.444304958882335,0,0.0,6.553329360290901,1
2020-08-29 08:00:00+00:00,4044.0,4246.0,-202.0,-1.1959879771048882,0,0.0,7.249317337395789,1
2020-08-29 09:00:00+00:00,4096.0,4259.0,-163.0,-0.9678503550809748,0,0.0,7.717167692476764,1
2020-08-29 10:00:00+00:00,4085.0,4360.0,-275.0,-1.5945652627932094,0,0.0,8.811732955269973,1
2020-08-29 11:00:00+00:00,4032.0,4321.0,-289.0,-1.6583602855575885,0,0.0,9.97009324082756,1
2020-08-29 12:00:00+00:00,4024.0,4332.0,-308.0,-1.748004205957306,0,0.0,11.218097446784867,1
2020-08-29 13:00:00+00:00,4048.0,4311.0,-263.0,-1.481801715009596,0,0.0,12.199899161794463,1
2020-08-29 14:00:00+00:00,4092.0,4244.0,-152.0,-0.8531498070664746,0,0.0,12.553048968860937,1
2020-08-29 15:00:00+00:00,4113.0,4255.0,-142.0,-0.7935769545072608,0,0.0,12.846625923368197,1
2020-08-29 16:00:00+00:00,4106.0,4242.0,-136.0,-0.7567826898811059,0,0.0,13.103408613249304,1
2020-08-29 17:00:00+00:00,4145.0,4304.0,-159.0,-0.8827290393073635,0,0.0,13.486137652556668,1
2020-08-29 18:00:00+00:00,3986.0,4149.0,-163.0,-0.9012933586391931,0,0.0,13.887431011195861,1
2020-08-29 19:00:00+00:00,3775.0,3888.0,-113.0,-0.6166742473521433,0,0.0,14.004105258548005,1
2020-08-29 20:00:00+00:00,3552.0,3652.0,-100.0,-0.541400165028742,0,0.0,14.045505423576747,1
2020-08-29 21:00:00+00:00,3278.0,3340.0,-62.0,-0.325105583831455,0,0.0,13.870611007408202,1
2020-08-29 22:00:00+00:00,3071.0,3116.0,-45.0,-0.22794473592935025,0,0.0,13.598555743337553,1
2020-08-29 23:00:00+00:00,2955.0,2981.0,-26.0,-0.11945945049572686,0,0.0,13.21801519383328,1
2020-08-30 00:00:00+00:00,2908.0,2918.0,-10.0,-0.028063808194246066,0,0.0,12.746079002027525,1
2020-08-30 01:00:00+00:00,2887.0,2905.0,-18.0,-0.07366248670861669,0,0.0,12.319741488736142,1
2020-08-30 02:00:00+00:00,2926.0,2946.0,-20.0,-0.08493164856853071,0,0.0,11.904673137304673,1
2020-08-30 03:00:00+00:00,2975.0,3040.0,-65.0,-0.34273227726709904,0,0.0,11.747405414571773,1
2020-08-30 04:00:00+00:00,3154.0,3238.0,-84.0,-0.4509199816001042,0,0.0,11.698325396171878,1
2020-08-30 05:00:00+00:00,3434.0,3570.0,-136.0,-0.7483217497978025,0,0.0,11.946647145969681,1
2020-08-30 06:00:00+00:00,3721.0,3818.0,-97.0,-0.5214568631344777,0,0.0,11.96810400910416,1
2020-08-30 07:00:00+00:00,3874.0,3953.0,-79.0,-0.4161575416385239,0,0.0,11.884261550742684,1
2020-08-30 08:00:00+00:00,3956.0,4044.0,-88.0,-0.4670377961341114,0,0.0,11.851299346876795,1
2020-08-30 09:00:00+00:00,4019.0,4096.0,-77.0,-0.40207178211551436,0,0.0,11.75337112899231,1
2020-08-30 10:00:00+00:00,3996.0,4085.0,-89.0,-0.4706060434992181,0,0.0,11.723977172491528,1
2020-08-30 11:00:00+00:00,3971.0,4032.0,-61.0,-0.3065914444255504,0,0.0,11.530568616917078,1
2020-08-30 12:00:00+00:00,3972.0,4024.0,-52.0,-0.2534008556957672,0,0.0,11.283969472612846,1
2020-08-30 13:00:00+00:00,4046.0,4048.0,-2.0,0.0392618584553776,0,0.0,10.744707614157468,1
2020-08-30 14:00:00+00:00,4104.0,4092.0,12.0,0.12114292460516472,0,0.0,10.123564689552303,1
2020-08-30 15:00:00+00:00,4155.0,4113.0,42.0,0.2968622129785185,0,0.0,9.326702476573784,1
2020-08-30 16:00:00+00:00,4140.0,4106.0,34.0,0.24913113927179084,0,0.0,8.577571337301993,1
2020-08-30 17:00:00+00:00,4256.0,4145.0,111.0,0.7015457727430834,0,0.20154577274308338,7.37602556455891,1
2020-08-30 18:00:00+00:00,4118.0,3986.0,132.0,0.8226626158150308,0,0.5242083885581141,6.05336294874388,1
2020-08-30 19:00:00+00:00,3898.0,3775.0,123.0,0.7667459754476901,0,0.7909543640058043,4.78661697329619,0
2020-08-30 20:00:00+00:00,3638.0,3552.0,86.0,0.5460983441948826,0,0.8370527082006869,3.7405186291013077,0
2020-08-30 21:00:00+00:00,3307.0,3278.0,29.0,0.20757401146652668,0,0.5446267196672137,3.032944617634781,0
2020-08-30 22:00:00+00:00,3104.0,3071.0,33.0,0.23082303502811863,0,0.2754497546953323,2.3021215826066626,0
2020-08-30 23:00:00+00:00,2985.0,2955.0,30.0,0.21248056611185817,0,0.0,1.5896410164948045,0
2020-08-31 00:00:00+00:00,2944.0,2908.0,36.0,0.24772513455831985,0,0.0,0.8419158819364847,0
2020-08-31 01:00:00+00:00,2961.0,2887.0,74.0,0.4737199933469879,0,0.0,0.0,0
2020-08-31 02:00:00+00:00,3077.0,2926.0,151.0,0.9312206806216176,0,0.43122068062161756,0.0,0
2020-08-31 03:00:00+00:00,3338.0,2975.0,363.0,2.1745405414697485,0,2.105761222091366,0.0,0
2020-08-31 04:00:00+00:00,3662.0,3154.0,508.0,2.9727000794309735,0,4.578461301522339,0.0,0
2020-08-31 05:00:00+00:00,4007.0,3434.0,573.0,3.2692229184131625,1,7.347684219935502,0.0,1
2020-08-31 06:00:00+00:00,4276.0,3721.0,555.0,3.095395941349262,1,9.943080161284763,0.0,1
2020-08-31 07:00:00+00:00,4370.0,3874.0,496.0,2.715366792613497,0,12.15844695389826,0.0,1
2020-08-31 08:00:00+00:00,4484.0,3956.0,528.0,2.8378972965316756,0,14.496344250429935,0.0,1
2020-08-31 09:00:00+00:00,4504.0,4019.0,485.0,2.5621816057473383,0,16.558525856177273,0.0,1
2020-08-31 10:00:00+00:00,4625.0,3996.0,629.0,3.2584100003156298,1,19.316935856492904,0.0,1
2020-08-31 11:00:00+00:00,4635.0,3971.0,664.0,3.3558683076594473,1,22.172804164152353,0.0,1
2020-08-31 12:00:00+00:00,4632.0,3972.0,660.0,3.255336792117009,1,24.928140956269363,0.0,1
2020-08-31 13:00:00+00:00,4614.0,4046.0,568.0,2.7402638406996984,0,27.16840479696906,0.0,1
2020-08-31 14:00:00+00:00,4540.0,4104.0,436.0,2.0578605724224315,0,28.72626536939149,0.0,1
2020-08-31 15:00:00+00:00,4532.0,4155.0,377.0,1.75020598440451,0,29.976471353796,0.0,1
2020-08-31 16:00:00+00:00,4512.0,4140.0,372.0,1.7118217381398686,0,31.18829309193587,0.0,1
2020-08-31 17:00:00+00:00,4597.0,4256.0,341.0,1.5484296694989663,0,32.236722761434834,0.0,1
2020-08-31 18:00:00+00:00,4361.0,4118.0,243.0,1.062277624789113,0,32.799000386223945,0.0,1
2020-08-31 19:00:00+00:00,4109.0,3898.0,211.0,0.9018027077584829,0,33.20080309398243,0.0,1
2020-08-31 20:00:00+00:00,3781.0,3638.0,143.0,0.5660986551838959,0,33.26690174916632,0.0,1
2020-08-31 21:00:00+00:00,3437.0,3307.0,130.0,0.5008856904902677,0,33.26778743965659,0.0,1
2020-08-31 22:00:00+00:00,3205.0,3104.0,101.0,0.35715717350897014,0,33.12494461316556,0.0,1
2020-08-31 23:00:00+00:00,3082.0,2985.0,97.0,0.33667789906835105,0,32.96162251223391,0.0,1
2020-09-01 00:00:00+00:00,3053.0,2944.0,109.0,0.39514470328941026,0,32.85676721552332,0.0,1
2020-09-01 01:00:00+00:00,3055.0,2961.0,94.0,0.32015042557484596,0,32.676917641098164,0.0,1
2020-09-01 02:00:00+00:00,3160.0,3077.0,83.0,0.26501401276131836,0,32.441931653859484,0.0,1
2020-09-01 03:00:00+00:00,3401.0,3338.0,63.0,0.16525378628662682,0,32.10718544014611,0.0,1
2020-09-01 04:00:00+00:00,3677.0,3662.0,15.0,-0.073697145802649,0,31.533488294343464,0.0,1
2020-09-01 05:00:00+00:00,4011.0,4007.0,4.0,-0.12834598176065484,0,30.905142312582807,0.0,1
2020-09-01 06:00:00+00:00,4235.0,4276.0,-41.0,-0.35259495059162976,0,30.052547361991177,0.0,1
2020-09-01 07:00:00+00:00,4323.0,4370.0,-47.0,-0.381819228362885,0,29.17072813362829,0.0,1
2020-09-01 08:00:00+00:00,4416.0,4484.0,-68.0,-0.4860342692486189,0,28.18469386437967,0.0,1
2020-09-01 09:00:00+00:00,4453.0,4504.0,-51.0,-0.39976252331914264,0,27.284931341060528,0.0,1
2020-09-01 10:00:00+00:00,4559.0,4625.0,-66.0,-0.474152778564808,0,26.31077856249572,0.0,1
2020-09-01 11:00:00+00:00,4571.0,4635.0,-64.0,-0.4630286409726883,0,25.347749921523032,0.0,1
2020-09-01 12:00:00+00:00,4566.0,4632.0,-66.0,-0.4720513301557171,0,24.375698591367314,0.0,1
2020-09-01 13:00:00+00:00,4595.0,4614.0,-19.0,-0.23407293312334554,0,23.641625658243967,0.0,1
2020-09-01 14:00:00+00:00,4531.0,4540.0,-9.0,-0.18309977053840096,0,22.958525887705566,0.0,1
2020-09-01 15:00:00+00:00,4549.0,4532.0,17.0,-0.05114427284292222,0,22.407381614862643,0.0,1
2020-09-01 16:00:00+00:00,4506.0,4512.0,-6.0,-0.1676911827083241,0,21.73969043215432,0.0,1
2020-09-01 17:00:00+00:00,4571.0,4597.0,-26.0,-0.26896679864115314,0,20.970723633513167,0.0,1
2020-09-01 18:00:00+00:00,4385.0,4361.0,24.0,-0.014009784791760087,0,20.456713848721407,0.0,1
2020-09-01 19:00:00+00:00,4122.0,4109.0,13.0,-0.07006999031156529,0,19.88664385840984,0.0,1
2020-09-01 20:00:00+00:00,3819.0,3781.0,38.0,0.05775487662213136,0,19.44439873503197,0.0,1
2020-09-01 21:00:00+00:00,3462.0,3437.0,25.0,-0.008872315759516525,0,18.935526419272456,0.0,1
2020-09-01 22:00:00+00:00,3259.0,3205.0,54.0,0.13980675106246765,0,18.575333170334925,0.0,1
2020-09-01 23:00:00+00:00,3144.0,3082.0,62.0,0.18063251400298244,0,18.25596568433791,0.0,1
2020-09-02 00:00:00+00:00,3073.0,3053.0,20.0,-0.03575496824375687,0,17.72021071609415,0.0,1
2020-09-02 01:00:00+00:00,3072.0,3055.0,17.0,-0.05115276298441128,0,17.16905795310974,0.0,1
2020-09-02 02:00:00+00:00,3169.0,3160.0,9.0,-0.09236433666268958,0,16.57669361644705,0.0,1
2020-09-02 03:00:00+00:00,3427.0,3401.0,26.0,-0.004279604827282124,0,16.072414011619767,0.0,1
2020-09-02 04:00:00+00:00,3713.0,3677.0,36.0,0.047538761002925624,0,15.619952772622693,0.0,1
2020-09-02 05:00:00+00:00,4120.0,4011.0,109.0,0.42620733511026077,0,15.546160107732952,0.0,1
2020-09-02 06:00:00+00:00,4304.0,4235.0,69.0,0.21754310581352143,0,15.263703213546473,0.0,1
2020-09-02 07:00:00+00:00,4316.0,4323.0,-7.0,-0.17850762912387275,0,14.5851955844226,0.0,1
2020-09-02 08:00:00+00:00,4401.0,4416.0,-15.0,-0.21990370552882432,0,13.865291878893775,0.0,1
2020-09-02 09:00:00+00:00,4384.0,4453.0,-69.0,-0.5013953065455492,0,12.863896572348226,0.001395306545549202,1
2020-09-02 10:00:00+00:00,4460.0,4559.0,-99.0,-0.6569678966310584,0,11.706928675717167,0.15836320317660757,1
2020-09-02 11:00:00+00:00,4449.0,4571.0,-122.0,-0.7754694878222302,0,10.431459187894937,0.4338326909988378,1
2020-09-02 12:00:00+00:00,4452.0,4566.0,-114.0,-0.7315679141206975,0,9.19989127377424,0.6654006051195354,1
2020-09-02 13:00:00+00:00,4460.0,4595.0,-135.0,-0.8394340838957053,0,7.8604571898785345,1.0048346890152406,1
2020-09-02 14:00:00+00:00,4365.0,4531.0,-166.0,-0.9989517241034223,0,6.361505465775112,1.5037864131186627,1
2020-09-02 15:00:00+00:00,4397.0,4549.0,-152.0,-0.9224940172052455,0,4.939011448569866,1.9262804303239083,0
2020-09-02 16:00:00+00:00,4427.0,4506.0,-79.0,-0.5376178587533413,0,3.901393589816525,1.9638982890772496,0
2020-09-02 17:00:00+00:00,4519.0,4571.0,-52.0,-0.39476360355682166,0,3.0066299862597035,1.8586618926340712,0
2020-09-02 18:00:00+00:00,4320.0,4385.0,-65.0,-0.4623387493317337,0,2.04429123692797,1.8210006419658047,0
2020-09-02 19:00:00+00:00,4006.0,4122.0,-116.0,-0.7296052528813555,0,0.8146859840466145,2.05060589484716,0
2020-09-02 20:00:00+00:00,3709.0,3819.0,-110.0,-0.6962026793619791,0,0.0,2.246808574209139,0
2020-09-02 21:00:00+00:00,3392.0,3462.0,-70.0,-0.4837898828580113,0,0.0,2.2305984570671504,0
2020-09-02 22:00:00+00:00,3160.0,3259.0,-99.0,-0.6357974153527546,0,0.0,2.366395872419905,0
2020-09-02 23:00:00+00:00,3045.0,3144.0,-99.0,-0.6343360902508685,0,0.0,2.5007319626707734,0
2020-09-03 00:00:00+00:00,3005.0,3073.0,-68.0,-0.4690136413392619,0,0.0,2.4697456040100354,0
2020-09-03 01:00:00+00:00,3008.0,3072.0,-64.0,-0.4469014134844648,0,0.0,2.4166470174945003,0
2020-09-03 02:00:00+00:00,3117.0,3169.0,-52.0,-0.3823910938354032,0,0.0,2.2990381113299034,0
2020-09-03 03:00:00+00:00,3369.0,3427.0,-58.0,-0.4135507578549553,0,0.0,2.2125888691848585,0
2020-09-03 04:00:00+00:00,3665.0,3713.0,-48.0,-0.3595843401635809,0,0.0,2.0721732093484393,0
2020-09-03 05:00:00+00:00,4048.0,4120.0,-72.0,-0.48674318742188183,0,0.0,2.058916396770321,0
2020-09-03 06:00:00+00:00,4226.0,4304.0,-78.0,-0.517761176893241,0,0.0,2.076677573663562,0
2020-09-03 07:00:00+00:00,4259.0,4316.0,-57.0,-0.40462635014005355,0,0.0,1.9813039238036154,0
2020-09-03 08:00:00+00:00,4311.0,4401.0,-90.0,-0.5802272213235258,0,0.0,2.061531145127141,0
2020-09-03 09:00:00+00:00,4296.0,4384.0,-88.0,-0.5683031814889188,0,0.0,2.1298343266160598,0
2020-09-03 10:00:00+00:00,4381.0,4460.0,-79.0,-0.5189279798438425,0,0.0,2.1487623064599024,0
2020-09-03 11:00:00+00:00,4372.0,4449.0,-77.0,-0.5071682867980871,0,0.0,2.1559305932579895,0
2020-09-03 12:00:00+00:00,4373.0,4452.0,-79.0,-0.5169027163858194,0,0.0,2.172833309643809,0
2020-09-03 13:00:00+00:00,4389.0,4460.0,-71.0,-0.47288303247467256,0,0.0,2.1457163421184817,0
2020-09-03 14:00:00+00:00,4295.0,4365.0,-70.0,-0.4665989170613573,0,0.0,2.112315259179839,0
2020-09-03 15:00:00+00:00,4324.0,4397.0,-73.0,-0.4818797972480668,0,0.0,2.094195056427906,0
2020-09-03 16:00:00+00:00,4420.0,4427.0,-7.0,-0.12470905988491378,0,0.0,1.7189041163128196,0
2020-09-03 17:00:00+00:00,4491.0,4519.0,-28.0,-0.23807702990447668,0,0.0,1.4569811462172964,0
2020-09-03 18:00:00+00:00,4249.0,4320.0,-71.0,-0.4704630562204108,0,0.0,1.4274442024377072,0
2020-09-03 19:00:00+00:00,3989.0,4006.0,-17.0,-0.17688076880063153,0,0.0,1.1043249712383387,0
2020-09-03 20:00:00+00:00,3692.0,3709.0,-17.0,-0.1766016066024125,0,0.0,0.7809265778407513,0
2020-09-03 21:00:00+00:00,3364.0,3392.0,-28.0,-0.23614608060358963,0,0.0,0.5170726584443408,0
2020-09-03 22:00:00+00:00,3125.0,3160.0,-35.0,-0.27388712718772085,0,0.0,0.2909597856320616,0
2020-09-03 23:00:00+00:00,2993.0,3045.0,-52.0,-0.3661340414096386,0,0.0,0.15709382704170016,0
2020-09-04 00:00:00+00:00,2904.0,3005.0,-101.0,-0.6328501509389121,0,0.0,0.2899439779806122,0
2020-09-04 01:00:00+00:00,2916.0,3008.0,-92.0,-0.5823895271081375,0,0.0,0.37233350508874974,0
2020-09-04 02:00:00+00:00,2960.0,3117.0,-157.0,-0.9360068264915751,0,0.0,0.8083403315803248,0
2020-09-04 03:00:00+00:00,3195.0,3369.0,-174.0,-1.0260256063727915,0,0.0,1.3343659379531163,0
2020-09-04 04:00:00+00:00,3453.0,3665.0,-212.0,-1.229675278741365,0,0.0,2.0640412166944815,0
2020-09-04 05:00:00+00:00,3762.0,4048.0,-286.0,-1.626073348315803,0,0.0,3.1901145650102842,0
2020-09-04 06:00:00+00:00,3897.0,4226.0,-329.0,-1.848721267113735,0,0.0,4.538835832124019,0
2020-09-04 07:00:00+00:00,3852.0,4259.0,-407.0,-2.2489364534684304,0,0.0,6.28777228559245,1
2020-09-04 08:00:00+00:00,3835.0,4311.0,-476.0,-2.587327413895568,0,0.0,8.375099699488018,1
2020-09-04 09:00:00+00:00,3684.0,4296.0,-612.0,-3.25168444759988,1,0.0,11.126784147087898,1
2020-09-04 10:00:00+00:00,3682.0,4381.0,-699.0,-3.624999224956194,1,0.0,14.251783372044091,1
2020-09-04 11:00:00+00:00,3703.0,4372.0,-669.0,-3.3997896210093392,1,0.0,17.15157299305343,1
2020-09-04 12:00:00+00:00,3719.0,4373.0,-654.0,-3.260687024773885,1,0.0,19.912260017827315,1
2020-09-04 13:00:00+00:00,3742.0,4389.0,-647.0,-3.1674393431943297,1,0.0,22.579699361021646,1
2020-09-04 14:00:00+00:00,3743.0,4295.0,-552.0,-2.6625275232980896,0,0.0,24.742226884319734,1
2020-09-04 15:00:00+00:00,3858.0,4324.0,-466.0,-2.219633694570038,0,0.0,26.461860578889773,1
2020-09-04 16:00:00+00:00,3916.0,4420.0,-504.0,-2.3757107340327295,0,0.0,28.337571312922503,1
2020-09-04 17:00:00+00:00,3991.0,4491.0,-500.0,-2.3299807768892276,0,0.0,30.16755208981173,1
2020-09-04 18:00:00+00:00,3767.0,4249.0,-482.0,-2.220760765896393,0,0.0,31.888312855708122,1
2020-09-04 19:00:00+00:00,3558.0,3989.0,-431.0,-1.9621328962267581,0,0.0,33.35044575193488,1
2020-09-04 20:00:00+00:00,3351.0,3692.0,-341.0,-1.528902043965353,0,0.0,34.37934779590023,1
2020-09-04 21:00:00+00:00,3173.0,3364.0,-191.0,-0.8233317291692732,0,0.0,34.702679525069506,1
2020-09-04 22:00:00+00:00,3009.0,3125.0,-116.0,-0.47189506731741127,0,0.0,34.67457459238692,1
2020-09-04 23:00:00+00:00,2829.0,2993.0,-164.0,-0.6948239214439668,0,0.0,34.86939851383089,1
2020-09-05 00:00:00+00:00,2738.0,2904.0,-166.0,-0.7029645778004338,0,0.0,35.072363091631324,1
2020-09-05 01:00:00+00:00,2707.0,2916.0,-209.0,-0.9017101960965723,0,0.0,35.4740732877279,1
2020-09-05 02:00:00+00:00,2727.0,2960.0,-233.0,-1.0124144575353826,0,0.0,35.98648774526328,1
2020-09-05 03:00:00+00:00,2813.0,3195.0,-382.0,-1.7036694235072338,0,0.0,37.19015716877052,1
2020-09-05 04:00:00+00:00,3010.0,3453.0,-443.0,-1.9856419242477872,0,0.0,38.675799093018306,1
2020-09-05 05:00:00+00:00,3268.0,3762.0,-494.0,-2.2157172569371126,0,0.0,40.39151634995542,1
2020-09-05 06:00:00+00:00,3486.0,3897.0,-411.0,-1.8271490105107668,0,0.0,41.71866536046618,1
2020-09-05 07:00:00+00:00,3554.0,3852.0,-298.0,-1.3034345534047984,0,0.0,42.52209991387098,1
2020-09-05 08:00:00+00:00,3560.0,3835.0,-275.0,-1.1961742789905179,0,0.0,43.2182741928615,1
2020-09-05 09:00:00+00:00,3570.0,3684.0,-114.0,-0.4528551768353745,0,0.0,43.17112936969688,1
2020-09-05 10:00:00+00:00,3547.0,3682.0,-135.0,-0.5535541457863198,0,0.0,43.2246835154832,1
2020-09-05 11:00:00+00:00,3493.0,3703.0,-210.0,-0.9048497533034355,0,0.0,43.62953326878664,1
2020-09-05 12:00:00+00:00,3481.0,3719.0,-238.0,-1.0362799412997505,0,0.0,44.16581321008639,1
2020-09-05 13:00:00+00:00,3515.0,3742.0,-227.0,-0.9856244183804365,0,0.0,44.65143762846683,1
2020-09-05 14:00:00+00:00,3578.0,3743.0,-165.0,-0.6965890165320884,0,0.0,44.84802664499892,1
2020-09-05 15:00:00+00:00,3678.0,3858.0,-180.0,-0.7650388623085724,0,0.0,45.11306550730749,1
2020-09-05 16:00:00+00:00,3775.0,3916.0,-141.0,-0.5833681080239601,0,0.0,45.19643361533145,1
2020-09-05 17:00:00+00:00,3851.0,3991.0,-140.0,-0.5781937832231122,0,0.0,45.274627398554564,1
2020-09-05 18:00:00+00:00,3634.0,3767.0,-133.0,-0.5454293008608286,0,0.0,45.320056699415396,1
2020-09-05 19:00:00+00:00,3448.0,3558.0,-110.0,-0.43842590836863515,0,0.0,45.25848260778403,1
2020-09-05 20:00:00+00:00,3233.0,3351.0,-118.0,-0.4757298084928432,0,0.0,45.234212416276876,1
2020-09-05 21:00:00+00:00,2962.0,3173.0,-211.0,-0.9047411066953728,0,0.0,45.63895352297225,1
2020-09-05 22:00:00+00:00,2765.0,3009.0,-244.0,-1.0526945907096195,0,0.0,46.19164811368187,1
2020-09-05 23:00:00+00:00,2665.0,2829.0,-164.0,-0.6786700309935528,0,0.0,46.37031814467542,1
2020-09-06 00:00:00+00:00,2621.0,2738.0,-117.0,-0.45922843113940337,0,0.0,46.329546575814824,1
2020-09-06 01:00:00+00:00,2607.0,2707.0,-100.0,-0.3791833227382587,0,0.0,46.20872989855308,1
2020-09-06 02:00:00+00:00,2654.0,2727.0,-73.0,-0.2532886104745934,0,0.0,45.96201850902767,1
2020-09-06 03:00:00+00:00,2726.0,2813.0,-87.0,-0.3177818894440842,0,0.0,45.77980039847176,1
2020-09-06 04:00:00+00:00,2918.0,3010.0,-92.0,-0.34102370376790503,0,0.0,45.62082410223966,1
2020-09-06 05:00:00+00:00,3247.0,3268.0,-21.0,-0.013670738218906929,0,0.0,45.134494840458565,1
2020-09-06 06:00:00+00:00,3514.0,3486.0,28.0,0.21179046520306338,0,0.0,44.4227043752555,1
2020-09-06 07:00:00+00:00,3604.0,3554.0,50.0,0.31230718370419686,0,0.0,43.6103971915513,1
2020-09-06 08:00:00+00:00,3674.0,3560.0,114.0,0.606534073081041,0,0.10653407308104101,42.50386311847026,1
2020-09-06 09:00:00+00:00,3679.0,3570.0,109.0,0.5816074350267323,0,0.1881415081077733,41.422255683443524,1
2020-09-06 10:00:00+00:00,3624.0,3547.0,77.0,0.4319102870378017,0,0.12005179514557507,40.49034539640572,1
2020-09-06 11:00:00+00:00,3596.0,3493.0,103.0,0.5498055980776132,0,0.16985739322318827,39.44053979832811,1
2020-09-06 12:00:00+00:00,3587.0,3481.0,106.0,0.5610283237645532,0,0.23088571698774152,38.37951147456356,1
2020-09-06 13:00:00+00:00,3645.0,3515.0,130.0,0.669500568986686,0,0.4003862859744275,37.21001090557687,1
2020-09-06 14:00:00+00:00,3719.0,3578.0,141.0,0.717787066572047,0,0.6181733525464745,35.99222383900482,1
2020-09-06 15:00:00+00:00,3806.0,3678.0,128.0,0.6552588370783864,0,0.7734321896248608,34.83696500192644,1
2020-09-06 16:00:00+00:00,3885.0,3775.0,110.0,0.5704576887286461,0,0.8438898783535069,33.76650731319779,1
2020-09-06 17:00:00+00:00,3687.0,3851.0,-164.0,-0.6901490132580884,0,0.0,33.95665632645588,1
2020-09-06 18:00:00+00:00,3794.0,3634.0,160.0,0.8025630929770309,0,0.3025630929770309,32.65409323347885,1
2020-09-06 19:00:00+00:00,3616.0,3448.0,168.0,0.8379655132006245,0,0.6405286061776554,31.31612772027822,1
2020-09-06 20:00:00+00:00,3383.0,3233.0,150.0,0.7533522738032148,0,0.8938808799808702,30.062775446475005,1
2020-09-06 21:00:00+00:00,3079.0,2962.0,117.0,0.5997136947966074,0,0.9935945747774775,28.963061751678396,1
2020-09-06 22:00:00+00:00,2870.0,2765.0,105.0,0.5429497108130401,0,1.0365442855905176,27.920112040865355,1
2020-09-06 23:00:00+00:00,2771.0,2665.0,106.0,0.5464646647924121,0,1.0830089503829297,26.87364737607294,1
2020-09-07 00:00:00+00:00,2726.0,2621.0,105.0,0.5414191452091518,0,1.1244280955920813,25.83222823086379,1
2020-09-07 01:00:00+00:00,2724.0,2607.0,117.0,0.5962069132162647,0,1.2206350088083462,24.736021317647527,1
2020-09-07 02:00:00+00:00,2775.0,2654.0,121.0,0.615272007836366,0,1.3359070166447122,23.62074930981116,1
2020-09-07 03:00:00+00:00,2911.0,2726.0,185.0,0.9148200281105516,0,1.7507270447552639,22.20592928170061,1
2020-09-07 04:00:00+00:00,3149.0,2918.0,231.0,1.138557465475431,0,2.389284510230695,20.56737181622518,1
2020-09-07 05:00:00+00:00,3495.0,3247.0,248.0,1.2345633736043136,0,3.1238478838350083,18.832808442620866,1
2020-09-07 06:00:00+00:00,3777.0,3514.0,263.0,1.318882269252797,0,3.9427301530878056,17.01392617336807,1
2020-09-07 07:00:00+00:00,3880.0,3604.0,276.0,1.3909725192859845,0,4.83370267237379,15.122953654082085,1
2020-09-07 08:00:00+00:00,3933.0,3674.0,259.0,1.3200639410775152,0,5.653766613451305,13.30288971300457,1
2020-09-07 09:00:00+00:00,3935.0,3679.0,256.0,1.31366993920797,0,6.467436552659275,11.489219773796599,1
2020-09-07 10:00:00+00:00,3958.0,3624.0,334.0,1.7011023474980995,0,7.668538900157374,9.288117426298498,1
2020-09-07 11:00:00+00:00,3944.0,3596.0,348.0,1.7863441496208259,0,8.9548830497782,7.001773276677673,1
2020-09-07 12:00:00+00:00,3933.0,3587.0,346.0,1.7951164237080146,0,10.249999473486215,4.706656852969658,1
2020-09-07 13:00:00+00:00,3974.0,3645.0,329.0,1.7231066343429533,0,11.473106107829167,2.483550218626705,1
2020-09-07 14:00:00+00:00,4026.0,3719.0,307.0,1.616234178142856,0,12.589340285972023,0.3673160404838489,1
2020-09-07 15:00:00+00:00,4068.0,3806.0,262.0,1.3961052499686002,0,13.485445535940624,0.0,1
2020-09-07 16:00:00+00:00,4117.0,3885.0,232.0,1.250255054861319,0,14.235700590801942,0.0,1
2020-09-07 17:00:00+00:00,4309.0,3687.0,622.0,3.1336097092054787,1,16.86931030000742,0.0,1
2020-09-07 18:00:00+00:00,4079.0,3794.0,285.0,1.4823395379410136,0,17.851649837948433,0.0,1
2020-09-07 19:00:00+00:00,3846.0,3616.0,230.0,1.210596128898464,0,18.562245966846895,0.0,1
2020-09-07 20:00:00+00:00,3560.0,3383.0,177.0,0.9510926990612493,0,19.013338665908144,0.0,1
2020-09-07 21:00:00+00:00,3251.0,3079.0,172.0,0.9244584383757487,0,19.43779710428389,0.0,1
2020-09-07 22:00:00+00:00,3022.0,2870.0,152.0,0.8261599500818255,0,19.76395705436572,0.0,1
2020-09-07 23:00:00+00:00,2911.0,2771.0,140.0,0.766857031268485,0,20.030814085634205,0.0,1
2020-09-08 00:00:00+00:00,2826.0,2726.0,100.0,0.5722526240688142,0,20.10306670970302,0.0,1
2020-09-08 01:00:00+00:00,2840.0,2724.0,116.0,0.6492702591115097,0,20.25233696881453,0.0,1
2020-09-08 02:00:00+00:00,2970.0,2775.0,195.0,1.029885713977619,0,20.78222268279215,0.0,1
2020-09-08 03:00:00+00:00,3254.0,2911.0,343.0,1.735400434444194,0,22.017623117236344,0.0,1
2020-09-08 04:00:00+00:00,3566.0,3149.0,417.0,2.073639107875457,0,23.5912622251118,0.0,1
2020-09-08 05:00:00+00:00,3920.0,3495.0,425.0,2.09264892724154,0,25.183911152353343,0.0,1
2020-09-08 06:00:00+00:00,4073.0,3777.0,296.0,1.4693413691842914,0,26.153252521537635,0.0,1
2020-09-08 07:00:00+00:00,4131.0,3880.0,251.0,1.2488994555544632,0,26.902151977092096,0.0,1
2020-09-08 08:00:00+00:00,4203.0,3933.0,270.0,1.3310877391214682,0,27.733239716213564,0.0,1
2020-09-08 09:00:00+00:00,4189.0,3935.0,254.0,1.2481762376240626,0,28.481415953837626,0.0,1
2020-09-08 10:00:00+00:00,4279.0,3958.0,321.0,1.5527147717761456,0,29.53413072561377,0.0,1
2020-09-08 11:00:00+00:00,4297.0,3944.0,353.0,1.6899333322745194,0,30.72406405788829,0.0,1
2020-09-08 12:00:00+00:00,4291.0,3933.0,358.0,1.7003142933563569,0,31.92437835124465,0.0,1
2020-09-08 13:00:00+00:00,4254.0,3974.0,280.0,1.3276447150755575,0,32.752023066320206,0.0,1
2020-09-08 14:00:00+00:00,4178.0,4026.0,152.0,0.7263826630148399,0,32.978405729335044,0.0,1
2020-09-08 15:00:00+00:00,4197.0,4068.0,129.0,0.6151752367032411,0,33.09358096603829,0.0,1
2020-09-08 16:00:00+00:00,4242.0,4117.0,125.0,0.593019513516644,0,33.18660047955493,0.0,1
2020-09-08 17:00:00+00:00,4372.0,4309.0,63.0,0.30099729862798985,0,32.98759777818292,0.0,1
2020-09-08 18:00:00+00:00,4157.0,4079.0,78.0,0.36784386158122817,0,32.85544163976415,0.0,1
2020-09-08 19:00:00+00:00,3887.0,3846.0,41.0,0.19261072885129957,0,32.54805236861545,0.0,1
2020-09-08 20:00:00+00:00,3602.0,3560.0,42.0,0.19527357328857894,0,32.24332594190403,0.0,1
2020-09-08 21:00:00+00:00,3271.0,3251.0,20.0,0.09116671641398166,0,31.834492658318013,0.0,1
2020-09-08 22:00:00+00:00,3059.0,3022.0,37.0,0.169005912932556,0,31.503498571250567,0.0,1
2020-09-08 23:00:00+00:00,2951.0,2911.0,40.0,0.18130556973739745,0,31.184804140987964,0.0,1
2020-09-09 00:00:00+00:00,2907.0,2826.0,81.0,0.37097739326095036,0,31.055781534248915,0.0,1
2020-09-09 01:00:00+00:00,2913.0,2840.0,73.0,0.3316167783421444,0,30.88739831259106,0.0,1
2020-09-09 02:00:00+00:00,3019.0,2970.0,49.0,0.2178248602318306,0,30.60522317282289,0.0,1
2020-09-09 03:00:00+00:00,3269.0,3254.0,15.0,0.058168037531713006,0,30.1633912103546,0.0,1
2020-09-09 04:00:00+00:00,3572.0,3566.0,6.0,0.015468640706366473,0,29.678859851060967,0.0,1
2020-09-09 05:00:00+00:00,3942.0,3920.0,22.0,0.08897212530184923,0,29.267831976362817,0.0,1
2020-09-09 06:00:00+00:00,4086.0,4073.0,13.0,0.045370566409718746,0,28.813202542772537,0.0,1
2020-09-09 07:00:00+00:00,4129.0,4131.0,-2.0,-0.026423708010655543,0,28.286778834761883,0.0,1
2020-09-09 08:00:00+00:00,4210.0,4203.0,7.0,0.013736298051596265,0,27.80051513281348,0.0,1
2020-09-09 09:00:00+00:00,4226.0,4189.0,37.0,0.15221447735477137,0,27.45272961016825,0.0,1
2020-09-09 10:00:00+00:00,4315.0,4279.0,36.0,0.1463364290724618,0,27.099066039240714,0.0,1
2020-09-09 11:00:00+00:00,4298.0,4297.0,1.0,-0.018405228217804145,0,26.58066081102291,0.0,1
2020-09-09 12:00:00+00:00,4296.0,4291.0,5.0,5.581650775505031e-05,0,26.080716627530663,0.0,1
2020-09-09 13:00:00+00:00,4290.0,4254.0,36.0,0.1455736970570657,0,25.72629032458773,0.0,1
2020-09-09 14:00:00+00:00,4216.0,4178.0,38.0,0.1552680251622908,0,25.38155834975002,0.0,1
2020-09-09 15:00:00+00:00,4253.0,4197.0,56.0,0.23984867491344056,0,25.12140702466346,0.0,1
2020-09-09 16:00:00+00:00,4293.0,4242.0,51.0,0.2165641062474244,0,24.837971130910883,0.0,1
2020-09-09 17:00:00+00:00,4405.0,4372.0,33.0,0.13333403572630956,0,24.471305166637194,0.0,1
2020-09-09 18:00:00+00:00,4206.0,4157.0,49.0,0.21028967622148445,0,24.18159484285868,0.0,1
2020-09-09 19:00:00+00:00,3932.0,3887.0,45.0,0.19267805631500745,0,23.874272899173686,0.0,1
2020-09-09 20:00:00+00:00,3657.0,3602.0,55.0,0.24017608195210843,0,23.614448981125793,0.0,1
2020-09-09 21:00:00+00:00,3310.0,3271.0,39.0,0.1653442182688826,0,23.279793199394675,0.0,1
2020-09-09 22:00:00+00:00,3114.0,3059.0,55.0,0.2404261883358024,0,23.020219387730478,0.0,1
2020-09-09 23:00:00+00:00,2995.0,2951.0,44.0,0.1887619797235739,0,22.70898136745405,0.0,1
2020-09-10 00:00:00+00:00,2952.0,2907.0,45.0,0.19344555484884132,0,22.402426922302894,0.0,1
2020-09-10 01:00:00+00:00,2954.0,2913.0,41.0,0.17442422398620222,0,22.076851146289098,0.0,1
2020-09-10 02:00:00+00:00,3060.0,3019.0,41.0,0.1741100369967085,0,21.750961183285806,0.0,1
2020-09-10 03:00:00+00:00,3339.0,3269.0,70.0,0.3094334959659964,0,21.560394679251804,0.0,1
2020-09-10 04:00:00+00:00,3638.0,3572.0,66.0,0.2895620559772484,0,21.349956735229053,0.0,1
2020-09-10 05:00:00+00:00,3986.0,3942.0,44.0,0.18576829925421676,0,21.03572503448327,0.0,1
2020-09-10 06:00:00+00:00,4140.0,4086.0,54.0,0.23255529427882385,0,20.768280328762096,0.0,1
2020-09-10 07:00:00+00:00,4159.0,4129.0,30.0,0.11965093633543972,0,20.387931265097535,0.0,1
2020-09-10 08:00:00+00:00,4209.0,4210.0,-1.0,-0.025660579397181214,0,19.862270685700352,0.0,1
2020-09-10 09:00:00+00:00,4170.0,4226.0,-56.0,-0.2828771051583108,0,19.079393580542042,0.0,1
2020-09-10 10:00:00+00:00,4287.0,4315.0,-28.0,-0.15064515527976263,0,18.42874842526228,0.0,1
2020-09-10 11:00:00+00:00,4274.0,4298.0,-24.0,-0.13080792160981458,0,17.797940503652466,0.0,1
2020-09-10 12:00:00+00:00,4295.0,4296.0,-1.0,-0.02195731625621144,0,17.275983187396253,0.0,1
2020-09-10 13:00:00+00:00,4271.0,4290.0,-19.0,-0.10565258699088398,0,16.670330600405368,0.0,1
2020-09-10 14:00:00+00:00,4222.0,4216.0,6.0,0.01232853335905547,0,16.182659133764425,0.0,1
2020-09-10 15:00:00+00:00,4220.0,4253.0,-33.0,-0.16970987853867997,0,15.512949255225745,0.0,1
2020-09-10 16:00:00+00:00,4279.0,4293.0,-14.0,-0.08016452937878424,0,14.932784725846961,0.0,1
2020-09-10 17:00:00+00:00,4411.0,4405.0,6.0,0.014356483921094516,0,14.447141209768056,0.0,1
2020-09-10 18:00:00+00:00,4164.0,4206.0,-42.0,-0.2109089622622065,0,13.73623224750585,0.0,1
2020-09-10 19:00:00+00:00,3874.0,3932.0,-58.0,-0.2846663579974091,0,12.95156588950844,0.0,1
2020-09-10 20:00:00+00:00,3606.0,3657.0,-51.0,-0.25073671242947987,0,12.20082917707896,0.0,1
2020-09-10 21:00:00+00:00,3288.0,3310.0,-22.0,-0.11421295492924605,0,11.586616222149715,0.0,1
2020-09-10 22:00:00+00:00,3046.0,3114.0,-68.0,-0.32915448145381354,0,10.757461740695902,0.0,1
2020-09-10 23:00:00+00:00,2938.0,2995.0,-57.0,-0.276402378912114,0,9.981059361783789,0.0,1
2020-09-11 00:00:00+00:00,2891.0,2952.0,-61.0,-0.29387948768548505,0,9.187179874098304,0.0,1
2020-09-11 01:00:00+00:00,2914.0,2954.0,-40.0,-0.19442574298583454,0,8.492754131112468,0.0,1
2020-09-11 02:00:00+00:00,3024.0,3060.0,-36.0,-0.1747515348628561,0,7.818002596249611,0.0,1
2020-09-11 03:00:00+00:00,3290.0,3339.0,-49.0,-0.23466973247081843,0,7.083332863778793,0.0,1
2020-09-11 04:00:00+00:00,3646.0,3638.0,8.0,0.033613993371383225,0,6.616946857150176,0.0,1
2020-09-11 05:00:00+00:00,3989.0,3986.0,3.0,0.010814374894391538,0,6.127761232044568,0.0,1
2020-09-11 06:00:00+00:00,4108.0,4140.0,-32.0,-0.15279462370853003,0,5.474966608336038,0.0,1
2020-09-11 07:00:00+00:00,4158.0,4159.0,-1.0,-0.006120915950605167,0,4.9688456923854325,0.0,0
2020-09-11 08:00:00+00:00,4223.0,4209.0,14.0,0.06508987604863259,0,4.533935568434065,0.0,0
2020-09-11 09:00:00+00:00,4226.0,4170.0,56.0,0.2627092252429273,0,4.296644793676992,0.0,0
2020-09-11 10:00:00+00:00,4286.0,4287.0,-1.0,-0.003593622805188256,0,3.793051170871804,0.0,0
2020-09-11 11:00:00+00:00,4285.0,4274.0,11.0,0.05366192868221363,0,3.3467130995540177,0.0,0
2020-09-11 12:00:00+00:00,4291.0,4295.0,-4.0,-0.015541775977141114,0,2.8311713235768767,0.0,0
2020-09-11 13:00:00+00:00,4267.0,4271.0,-4.0,-0.014731866892078232,0,2.3164394566847983,0.0,0
2020-09-11 14:00:00+00:00,4205.0,4222.0,-17.0,-0.07507548062044285,0,1.7413639760643553,0.0,0
2020-09-11 15:00:00+00:00,4194.0,4220.0,-26.0,-0.1167813980606919,0,1.1245825780036633,0.0,0
2020-09-11 16:00:00+00:00,4282.0,4279.0,3.0,0.019699216812310388,0,0.6442817948159738,0.0,0
2020-09-11 17:00:00+00:00,4304.0,4411.0,-107.0,-0.4963861199926407,0,0.0,0.0,0
2020-09-11 18:00:00+00:00,4014.0,4164.0,-150.0,-0.696470548405937,0,0.0,0.19647054840593703,0
2020-09-11 19:00:00+00:00,3843.0,3874.0,-31.0,-0.13805159250437907,0,0.0,0.0,0
2020-09-11 20:00:00+00:00,3632.0,3606.0,26.0,0.12952278515318252,0,0.0,0.0,0
2020-09-11 21:00:00+00:00,3344.0,3288.0,56.0,0.2704389065195572,0,0.0,0.0,0
2020-09-11 22:00:00+00:00,3115.0,3046.0,69.0,0.3311903113240198,0,0.0,0.0,0
2020-09-11 23:00:00+00:00,2979.0,2938.0,41.0,0.19930494014950578,0,0.0,0.0,0
2020-09-12 00:00:00+00:00,2941.0,2891.0,50.0,0.24065577668117624,0,0.0,0.0,0
2020-09-12 01:00:00+00:00,2937.0,2914.0,23.0,0.11328330641915545,0,0.0,0.0,0
2020-09-12 02:00:00+00:00,2914.0,3024.0,-110.0,-0.5107118023403988,0,0.0,0.010711802340398813,0
2020-09-12 03:00:00+00:00,3066.0,3290.0,-224.0,-1.0459175388960782,0,0.0,0.5566293412364769,0
2020-09-12 04:00:00+00:00,3234.0,3646.0,-412.0,-1.9243470679183199,0,0.0,1.9809764091547968,0
2020-09-12 05:00:00+00:00,3517.0,3989.0,-472.0,-2.198654880601939,0,0.0,3.6796312897567356,0
2020-09-12 06:00:00+00:00,3760.0,4108.0,-348.0,-1.616754752357944,0,0.0,4.79638604211468,0
2020-09-12 07:00:00+00:00,3900.0,4158.0,-258.0,-1.1959515065149147,0,0.0,5.492337548629594,1
2020-09-12 08:00:00+00:00,3949.0,4223.0,-274.0,-1.2682586461792131,0,0.0,6.260596194808807,1
2020-09-12 09:00:00+00:00,3932.0,4226.0,-294.0,-1.3571148743705475,0,0.0,7.117711069179355,1
2020-09-12 10:00:00+00:00,3901.0,4286.0,-385.0,-1.7750879423200538,0,0.0,8.392799011499408,1
2020-09-12 11:00:00+00:00,3847.0,4285.0,-438.0,-2.012236367831485,0,0.0,9.905035379330894,1
2020-09-12 12:00:00+00:00,3835.0,4291.0,-456.0,-2.086049850427248,0,0.0,11.491085229758141,1
2020-09-12 13:00:00+00:00,3860.0,4267.0,-407.0,-1.852487502120946,0,0.0,12.843572731879087,1
2020-09-12 14:00:00+00:00,3913.0,4205.0,-292.0,-1.319259001238535,0,0.0,13.662831733117622,1
2020-09-12 15:00:00+00:00,3949.0,4194.0,-245.0,-1.1008123385476354,0,0.0,14.263644071665258,1
2020-09-12 16:00:00+00:00,3981.0,4282.0,-301.0,-1.3522626544213827,0,0.0,15.11590672608664,1
2020-09-12 17:00:00+00:00,4120.0,4304.0,-184.0,-0.8166041727278088,0,0.0,15.43251089881445,1
2020-09-12 18:00:00+00:00,3815.0,4014.0,-199.0,-0.8843511744440581,0,0.0,15.816862073258509,1
2020-09-12 19:00:00+00:00,3636.0,3843.0,-207.0,-0.9188061661072078,0,0.0,16.235668239365715,1
2020-09-12 20:00:00+00:00,3466.0,3632.0,-166.0,-0.7303038045108088,0,0.0,16.465972043876523,1
2020-09-12 21:00:00+00:00,3198.0,3344.0,-146.0,-0.6375557175994849,0,0.0,16.60352776147601,1
2020-09-12 22:00:00+00:00,2991.0,3115.0,-124.0,-0.5359196915551557,0,0.0,16.639447453031163,1
2020-09-12 23:00:00+00:00,2884.0,2979.0,-95.0,-0.4026508917155773,0,0.0,16.54209834474674,1
2020-09-13 00:00:00+00:00,2830.0,2941.0,-111.0,-0.4740639158038166,0,0.0,16.51616226055056,1
2020-09-13 01:00:00+00:00,2814.0,2937.0,-123.0,-0.5271110688943889,0,0.0,16.543273329444947,1
2020-09-13 02:00:00+00:00,2841.0,2914.0,-73.0,-0.29857837500464457,0,0.0,16.341851704449592,1
2020-09-13 03:00:00+00:00,2906.0,3066.0,-160.0,-0.6931417310747616,0,0.0,16.534993435524353,1
2020-09-13 04:00:00+00:00,3058.0,3234.0,-176.0,-0.7641983076136024,0,0.0,16.799191743137953,1
2020-09-13 05:00:00+00:00,3343.0,3517.0,-174.0,-0.7543257969095526,0,0.0,17.053517540047505,1
2020-09-13 06:00:00+00:00,3609.0,3760.0,-151.0,-0.648754569322199,0,0.0,17.202272109369705,1
2020-09-13 07:00:00+00:00,3721.0,3900.0,-179.0,-0.7741040949037019,0,0.0,17.476376204273407,1
2020-09-13 08:00:00+00:00,3830.0,3949.0,-119.0,-0.5010585747799332,0,0.0,17.47743477905334,1
2020-09-13 09:00:00+00:00,3816.0,3932.0,-116.0,-0.4868045443254646,0,0.0,17.464239323378806,1
2020-09-13 10:00:00+00:00,3781.0,3901.0,-120.0,-0.504455499066084,0,0.0,17.46869482244489,1
2020-09-13 11:00:00+00:00,3700.0,3847.0,-147.0,-0.6255499091230255,0,0.0,17.594244731567915,1
2020-09-13 12:00:00+00:00,3704.0,3835.0,-131.0,-0.5516648582555488,0,0.0,17.645909589823464,1
2020-09-13 13:00:00+00:00,3749.0,3860.0,-111.0,-0.45933785483827166,0,0.0,17.605247444661735,1
2020-09-13 14:00:00+00:00,3824.0,3913.0,-89.0,-0.3581602714424813,0,0.0,17.463407716104218,1
2020-09-13 15:00:00+00:00,3890.0,3949.0,-59.0,-0.22079984028091323,0,0.0,17.184207556385132,1
2020-09-13 16:00:00+00:00,4006.0,3981.0,25.0,0.16012893992569915,0,0.0,16.524078616459434,1
2020-09-13 17:00:00+00:00,4143.0,4120.0,23.0,0.15231302594199567,0,0.0,15.871765590517438,1
2020-09-13 18:00:00+00:00,3895.0,3815.0,80.0,0.4116847058938205,0,0.0,14.960080884623617,1
2020-09-13 19:00:00+00:00,3694.0,3636.0,58.0,0.3128736236209605,0,0.0,14.147207261002656,1
2020-09-13 20:00:00+00:00,3419.0,3466.0,-47.0,-0.16195514416747536,0,0.0,13.809162405170131,1
2020-09-13 21:00:00+00:00,3109.0,3198.0,-89.0,-0.35099530302198395,0,0.0,13.660157708192115,1
2020-09-13 22:00:00+00:00,2946.0,2991.0,-45.0,-0.15021071123639038,0,0.0,13.310368419428505,1
2020-09-13 23:00:00+00:00,2856.0,2884.0,-28.0,-0.07225797247809816,0,0.0,12.882626391906603,1
2020-09-14 00:00:00+00:00,2824.0,2830.0,-6.0,0.02818636950955932,0,0.0,12.354440022397045,1
2020-09-14 01:00:00+00:00,2833.0,2814.0,19.0,0.14246004320629477,0,0.0,11.71197997919075,1
2020-09-14 02:00:00+00:00,2986.0,2841.0,145.0,0.7147481970893577,0,0.21474819708935766,10.497231782101391,1
2020-09-14 03:00:00+00:00,3313.0,2906.0,407.0,1.901917536329464,0,1.616665733418822,8.095314245771927,1
2020-09-14 04:00:00+00:00,3609.0,3058.0,551.0,2.5509281973066704,0,3.6675939307254923,5.044386048465257,1
2020-09-14 05:00:00+00:00,3908.0,3343.0,565.0,2.615199540548268,0,5.78279347127376,1.929186507916989,1
2020-09-14 06:00:00+00:00,4095.0,3609.0,486.0,2.2632706959630884,0,7.54606416723685,0.0,1
2020-09-14 07:00:00+00:00,4123.0,3721.0,402.0,1.8881100887309878,0,8.934174255967838,0.0,1
2020-09-14 08:00:00+00:00,4197.0,3830.0,367.0,1.738911785400067,0,10.173086041367904,0.0,1
2020-09-14 09:00:00+00:00,4195.0,3816.0,379.0,1.8005676795630845,0,11.473653720930988,0.0,1
2020-09-14 10:00:00+00:00,4249.0,3781.0,468.0,2.223800377230028,0,13.197454098161016,0.0,1
2020-09-14 11:00:00+00:00,4257.0,3700.0,557.0,2.6472313485190035,0,15.34468544668002,0.0,1
2020-09-14 12:00:00+00:00,4232.0,3704.0,528.0,2.527706828374035,0,17.372392275054054,0.0,1
2020-09-14 13:00:00+00:00,4223.0,3749.0,474.0,2.2849282606053096,0,19.157320535659363,0.0,1
2020-09-14 14:00:00+00:00,4103.0,3824.0,279.0,1.3810449330181496,0,20.03836546867751,0.0,1
2020-09-14 15:00:00+00:00,4156.0,3890.0,266.0,1.3248658720517503,0,20.86323134072926,0.0,1
2020-09-14 16:00:00+00:00,4302.0,4006.0,296.0,1.4696037240442212,0,21.832835064773484,0.0,1
2020-09-14 17:00:00+00:00,4453.0,4143.0,310.0,1.5370757420809833,0,22.869910806854467,0.0,1
2020-09-14 18:00:00+00:00,4207.0,3895.0,312.0,1.5434648321183526,0,23.91337563897282,0.0,1
2020-09-14 19:00:00+00:00,3915.0,3694.0,221.0,1.114695314096479,0,24.5280709530693,0.0,1
2020-09-14 20:00:00+00:00,3623.0,3419.0,204.0,1.0330228628943785,0,25.061093815963677,0.0,1
2020-09-14 21:00:00+00:00,3267.0,3109.0,158.0,0.8160050673363692,0,25.377098883300047,0.0,1
2020-09-14 22:00:00+00:00,3090.0,2946.0,144.0,0.749272995881283,0,25.62637187918133,0.0,1
2020-09-14 23:00:00+00:00,2985.0,2856.0,129.0,0.6781297020946767,0,25.804501581276007,0.0,1
2020-09-15 00:00:00+00:00,2899.0,2824.0,75.0,0.4249333715170599,0,25.729434952793067,0.0,1
2020-09-15 01:00:00+00:00,2912.0,2833.0,79.0,0.44399060491123327,0,25.6734255577043,0.0,1
2020-09-15 02:00:00+00:00,3022.0,2986.0,36.0,0.2425561921456116,0,25.41598174984991,0.0,1
2020-09-15 03:00:00+00:00,3324.0,3313.0,11.0,0.12575114177722937,0,25.041732891627138,0.0,1
2020-09-15 04:00:00+00:00,3666.0,3609.0,57.0,0.341455564271709,0,24.883188455898846,0.0,1
2020-09-15 05:00:00+00:00,3991.0,3908.0,83.0,0.4624699986122294,0,24.845658454511074,0.0,1
2020-09-15 06:00:00+00:00,4054.0,4095.0,-41.0,-0.12044786622455554,0,24.22521058828652,0.0,1
2020-09-15 07:00:00+00:00,4023.0,4123.0,-100.0,-0.396981875402333,0,23.328228712884187,0.0,1
2020-09-15 08:00:00+00:00,4092.0,4197.0,-105.0,-0.4198916639659215,0,22.408337048918266,0.0,1
2020-09-15 09:00:00+00:00,4083.0,4195.0,-112.0,-0.4518133676608907,0,21.456523681257377,0.0,1
2020-09-15 10:00:00+00:00,4170.0,4249.0,-79.0,-0.2965851318830711,0,20.659938549374306,0.0,1
2020-09-15 11:00:00+00:00,4172.0,4257.0,-85.0,-0.3244515054685481,0,19.835487043905758,0.0,1
2020-09-15 12:00:00+00:00,4160.0,4232.0,-72.0,-0.2632967733840478,0,19.07219027052171,0.0,1
2020-09-15 13:00:00+00:00,4139.0,4223.0,-84.0,-0.31870652308770403,0,18.253483747434004,0.0,1
2020-09-15 14:00:00+00:00,4096.0,4103.0,-7.0,0.042897647967228475,0,17.796381395401234,0.0,1
2020-09-15 15:00:00+00:00,4135.0,4156.0,-21.0,-0.02232322459506375,0,17.27405817080617,0.0,1
2020-09-15 16:00:00+00:00,4246.0,4302.0,-56.0,-0.185999245388628,0,16.588058925417542,0.0,1
2020-09-15 17:00:00+00:00,4388.0,4453.0,-65.0,-0.22770524669018982,0,15.860353678727353,0.0,1
2020-09-15 18:00:00+00:00,4129.0,4207.0,-78.0,-0.2873090838826104,0,15.073044594844744,0.0,1
2020-09-15 19:00:00+00:00,3829.0,3915.0,-86.0,-0.32345057202935623,0,14.249594022815387,0.0,1
2020-09-15 20:00:00+00:00,3552.0,3623.0,-71.0,-0.2515010863050203,0,13.498092936510366,0.0,1
2020-09-15 21:00:00+00:00,3221.0,3267.0,-46.0,-0.13313310740396384,0,12.864959829106402,0.0,1
2020-09-15 22:00:00+00:00,3032.0,3090.0,-58.0,-0.1879342483724661,0,12.177025580733936,0.0,1
2020-09-15 23:00:00+00:00,2928.0,2985.0,-57.0,-0.18160459000518153,0,11.495420990728755,0.0,1
2020-09-16 00:00:00+00:00,2886.0,2899.0,-13.0,0.025511402178629676,0,11.020932392907385,0.0,1
2020-09-16 01:00:00+00:00,2905.0,2912.0,-7.0,0.05403026120620705,0,10.574962654113593,0.0,1
2020-09-16 02:00:00+00:00,3018.0,3022.0,-4.0,0.0683044263394586,0,10.143267080453052,0.0,1
2020-09-16 03:00:00+00:00,3380.0,3324.0,56.0,0.3496730859841768,0,9.99294016643723,0.0,1
2020-09-16 04:00:00+00:00,3673.0,3666.0,7.0,0.11995418666115554,0,9.612894353098385,0.0,1
2020-09-16 05:00:00+00:00,3975.0,3991.0,-16.0,0.013678852627136305,0,9.12657320572552,0.0,1
2020-09-16 06:00:00+00:00,4103.0,4054.0,49.0,0.3194578170020721,0,8.946031022727592,0.0,1
2020-09-16 07:00:00+00:00,4057.0,4023.0,34.0,0.24836305694347727,0,8.694394079671069,0.0,1
2020-09-16 08:00:00+00:00,4164.0,4092.0,72.0,0.4256140195922679,0,8.620008099263337,0.0,1
2020-09-16 09:00:00+00:00,4132.0,4083.0,49.0,0.31588287537525533,0,8.435890974638593,0.0,1
2020-09-16 10:00:00+00:00,4187.0,4170.0,17.0,0.16395450262774722,0,8.09984547726634,0.0,1
2020-09-16 11:00:00+00:00,4176.0,4172.0,4.0,0.10114276337110213,0,7.700988240637443,0.0,1
2020-09-16 12:00:00+00:00,4176.0,4160.0,16.0,0.15577138895451298,0,7.356759629591956,0.0,1
2020-09-16 13:00:00+00:00,4136.0,4139.0,-3.0,0.06462154557189796,0,6.921381175163853,0.0,1
2020-09-16 14:00:00+00:00,4074.0,4096.0,-22.0,-0.026786728812416383,0,6.394594446351437,0.0,1
2020-09-16 15:00:00+00:00,4118.0,4135.0,-17.0,-0.00514473779702554,0,5.8894497085544115,0.0,1
2020-09-16 16:00:00+00:00,4280.0,4246.0,34.0,0.23350160306422135,0,5.622951311618633,0.0,1
2020-09-16 17:00:00+00:00,4402.0,4388.0,14.0,0.138370338234157,0,5.26132164985279,0.0,1
2020-09-16 18:00:00+00:00,4126.0,4129.0,-3.0,0.05742740363670666,0,4.818749053489497,0.0,0
2020-09-16 19:00:00+00:00,3821.0,3829.0,-8.0,0.03236987559010683,0,4.351118929079604,0.0,0
2020-09-16 20:00:00+00:00,3547.0,3552.0,-5.0,0.0450479372645117,0,3.8961668663441156,0.0,0
2020-09-16 21:00:00+00:00,3225.0,3221.0,4.0,0.08644211142132681,0,3.4826089777654423,0.0,0
2020-09-16 22:00:00+00:00,3022.0,3032.0,-10.0,0.019198336871754398,0,3.0018073146371966,0.0,0
2020-09-16 23:00:00+00:00,2925.0,2928.0,-3.0,0.050870769696692145,0,2.552678084333889,0.0,0
2020-09-17 00:00:00+00:00,2889.0,2886.0,3.0,0.07818003778728896,0,2.130858122121178,0.0,0
2020-09-17 01:00:00+00:00,2897.0,2905.0,-8.0,0.025509969908762822,0,1.6563680920299406,0.0,0
2020-09-17 02:00:00+00:00,3010.0,3018.0,-8.0,0.024893439119063426,0,1.181261531149004,0.0,0
2020-09-17 03:00:00+00:00,3361.0,3380.0,-19.0,-0.027548858998931364,0,0.6537126721500726,0.0,0
2020-09-17 04:00:00+00:00,3709.0,3673.0,36.0,0.23074422633160244,0,0.38445689848167497,0.0,0
2020-09-17 05:00:00+00:00,3983.0,3975.0,8.0,0.0975363908882079,0,0.0,0.0,0
2020-09-17 06:00:00+00:00,4133.0,4103.0,30.0,0.1998354861447075,0,0.0,0.0,0
2020-09-17 07:00:00+00:00,4145.0,4057.0,88.0,0.4713486107452116,0,0.0,0.0,0
2020-09-17 08:00:00+00:00,4189.0,4164.0,25.0,0.17257298820158268,0,0.0,0.0,0
2020-09-17 09:00:00+00:00,4162.0,4132.0,30.0,0.19453303068259206,0,0.0,0.0,0
2020-09-17 10:00:00+00:00,4236.0,4187.0,49.0,0.2823998061161063,0,0.0,0.0,0
2020-09-17 11:00:00+00:00,4243.0,4176.0,67.0,0.3652967907725402,0,0.0,0.0,0
2020-09-17 12:00:00+00:00,4246.0,4176.0,70.0,0.3773387870292285,0,0.0,0.0,0
2020-09-17 13:00:00+00:00,4191.0,4136.0,55.0,0.30479014226571194,0,0.0,0.0,0
2020-09-17 14:00:00+00:00,4109.0,4074.0,35.0,0.20896255873479677,0,0.0,0.0,0
2020-09-17 15:00:00+00:00,4189.0,4118.0,71.0,0.37677757493957736,0,0.0,0.0,0
2020-09-17 16:00:00+00:00,4328.0,4280.0,48.0,0.26745931063388495,0,0.0,0.0,0
2020-09-17 17:00:00+00:00,4404.0,4402.0,2.0,0.050027076918859006,0,0.0,0.0,0
2020-09-17 18:00:00+00:00,4146.0,4126.0,20.0,0.13368139739746873,0,0.0,0.0,0
2020-09-17 19:00:00+00:00,3900.0,3821.0,79.0,0.4106025597255301,0,0.0,0.0,0
2020-09-17 20:00:00+00:00,3624.0,3547.0,77.0,0.39975435250036123,0,0.0,0.0,0
2020-09-17 21:00:00+00:00,3281.0,3225.0,56.0,0.29950593004559667,0,0.0,0.0,0
2020-09-17 22:00:00+00:00,3106.0,3022.0,84.0,0.4297563436386703,0,0.0,0.0,0
2020-09-17 23:00:00+00:00,3024.0,2925.0,99.0,0.49819767916471125,0,0.0,0.0,0
2020-09-18 00:00:00+00:00,2949.0,2889.0,60.0,0.31219170982739636,0,0.0,0.0,0
2020-09-18 01:00:00+00:00,2918.0,2897.0,21.0,0.1268124565491257,0,0.0,0.0,0
2020-09-18 02:00:00+00:00,2956.0,3010.0,-54.0,-0.22837044563365627,0,0.0,0.0,0
2020-09-18 03:00:00+00:00,3295.0,3361.0,-66.0,-0.2867343564412025,0,0.0,0.0,0
2020-09-18 04:00:00+00:00,3569.0,3709.0,-140.0,-0.637661213194933,0,0.0,0.13766121319493296,0
2020-09-18 05:00:00+00:00,3778.0,3983.0,-205.0,-0.9471821073067139,0,0.0,0.5848433205016468,0
2020-09-18 06:00:00+00:00,3844.0,4133.0,-289.0,-1.3462905415378459,0,0.0,1.4311338620394927,0
2020-09-18 07:00:00+00:00,3837.0,4145.0,-308.0,-1.441032782108487,0,0.0,2.3721666441479794,0
2020-09-18 08:00:00+00:00,3855.0,4189.0,-334.0,-1.5724785211875845,0,0.0,3.444645165335564,0
2020-09-18 09:00:00+00:00,3777.0,4162.0,-385.0,-1.8327073500414588,0,0.0,4.777352515377022,0
2020-09-18 10:00:00+00:00,3874.0,4236.0,-362.0,-1.7486218124108035,0,0.0,6.025974327787826,1
2020-09-18 11:00:00+00:00,3873.0,4243.0,-370.0,-1.8117294512639233,0,0.0,7.337703779051749,1
2020-09-18 12:00:00+00:00,3919.0,4246.0,-327.0,-1.6240149770544239,0,0.0,8.461718756106173,1
2020-09-18 13:00:00+00:00,3920.0,4191.0,-271.0,-1.3686437946424443,0,0.0,9.330362550748617,1
2020-09-18 14:00:00+00:00,3881.0,4109.0,-228.0,-1.1681513152874117,0,0.0,9.99851386603603,1
2020-09-18 15:00:00+00:00,3953.0,4189.0,-236.0,-1.2200018785979252,0,0.0,10.718515744633955,1
2020-09-18 16:00:00+00:00,4152.0,4328.0,-176.0,-0.9260428289517718,0,0.0,11.144558573585726,1
2020-09-18 17:00:00+00:00,4156.0,4404.0,-248.0,-1.3117442256837806,0,0.0,11.956302799269507,1
2020-09-18 18:00:00+00:00,3821.0,4146.0,-325.0,-1.723842564984722,0,0.0,13.180145364254228,1
2020-09-18 19:00:00+00:00,3589.0,3900.0,-311.0,-1.658592383607937,0,0.0,14.338737747862165,1
2020-09-18 20:00:00+00:00,3373.0,3624.0,-251.0,-1.3479662492551376,0,0.0,15.186703997117302,1
2020-09-18 21:00:00+00:00,3070.0,3281.0,-211.0,-1.1367683178903774,0,0.0,15.823472315007681,1
2020-09-18 22:00:00+00:00,2886.0,3106.0,-220.0,-1.1807328193760684,0,0.0,16.50420513438375,1
2020-09-18 23:00:00+00:00,2773.0,2762.130265249792,10.869734750208409,0.02929029982139355,0,0.0,15.974914834562355,1
2020-09-19 00:00:00+00:00,2760.0,2714.5564207900925,45.44357920990751,0.2080450766282169,0,0.0,15.266869757934138,1
2020-09-19 01:00:00+00:00,2725.0,2713.234402741536,11.765597258464368,0.02732056169264181,0,0.0,14.739549196241496,1
2020-09-19 02:00:00+00:00,2774.0,2781.1180182459566,-7.118018245956591,-0.07602206546105471,0,0.0,14.315571261702551,1
2020-09-19 03:00:00+00:00,2891.0,2933.275132532886,-42.27513253288589,-0.2689552383208523,0,0.0,14.084526500023404,1
2020-09-19 04:00:00+00:00,3087.0,3177.736502202187,-90.73650220218678,-0.5368259183033771,0,0.0,14.121352418326781,1
2020-09-19 05:00:00+00:00,3406.0,3517.708578530267,-111.708578530267,-0.6622917973975733,0,0.0,14.283644215724355,1
2020-09-19 06:00:00+00:00,3577.0,3749.436592394985,-172.43659239498447,-1.0017291034760536,0,0.0,14.785373319200408,1
2020-09-19 07:00:00+00:00,3654.0,3823.7106654578233,-169.71066545782332,-0.991715753514681,0,0.0,15.27708907271509,1
2020-09-19 08:00:00+00:00,3698.0,3890.622615077697,-192.6226150776965,-1.1204412450688852,0,0.0,15.897530317783975,1
2020-09-19 09:00:00+00:00,3678.0,3893.1391756048974,-215.1391756048984,-1.2402282228074835,0,0.0,16.63775854059146,1
2020-09-19 10:00:00+00:00,3604.0,3901.738055405981,-297.73805540598096,-1.6840286346357805,0,0.0,17.82178717522724,1
2020-09-19 11:00:00+00:00,3515.0,3880.1781171914354,-365.1781171914354,-2.040980965098274,0,0.0,19.362768140325514,1
2020-09-19 12:00:00+00:00,3503.0,3877.1355833494017,-374.1355833494017,-2.0795628245832463,0,0.0,20.94233096490876,1
2020-09-19 13:00:00+00:00,3551.0,3910.283605802351,-359.28360580235085,-1.9900957532933161,0,0.0,22.432426718202077,1
2020-09-19 14:00:00+00:00,3611.0,3924.3995622700936,-313.3995622700936,-1.7347223681705548,0,0.0,23.667149086372632,1
2020-09-19 15:00:00+00:00,3712.0,3986.727181150693,-274.72718115069256,-1.5223813723441302,0,0.0,24.689530458716764,1
2020-09-19 16:00:00+00:00,3925.0,4032.5732046741896,-107.57320467418958,-0.6263390185017554,0,0.0,24.81586947721852,1
2020-09-19 17:00:00+00:00,3967.0,4002.3992131282166,-35.399213128216616,-0.24084311151083848,0,0.0,24.556712588729358,1
2020-09-19 18:00:00+00:00,3675.0,3944.191258844828,-269.1912588448281,-1.4909113666427511,0,0.0,25.54762395537211,1
2020-09-19 19:00:00+00:00,3532.0,3726.779959947744,-194.7799599477444,-1.089531550748716,0,0.0,26.137155506120827,1
2020-09-19 20:00:00+00:00,3323.0,3474.217990600828,-151.21799060082822,-0.855489690745399,0,0.0,26.492645196866228,1
2020-09-19 21:00:00+00:00,3084.0,3172.687616372272,-88.68761637227135,-0.5237506307247833,0,0.0,26.516395827591012,1
2020-09-19 22:00:00+00:00,2893.0,2963.6905824791083,-70.69058247910834,-0.4311341525499875,0,0.0,26.447529980141,1
2020-09-19 23:00:00+00:00,2774.0,2787.8043589985487,-13.80435899854865,-0.12807732359382468,0,0.0,26.075607303734824,1
2020-09-20 00:00:00+00:00,2748.0,2752.025621265177,-4.025621265177506,-0.0773357862319089,0,0.0,25.652943089966733,1
2020-09-20 01:00:00+00:00,2740.0,2742.332267929995,-2.3322679299949414,-0.06982141522406039,0,0.0,25.222764505190792,1
2020-09-20 02:00:00+00:00,2779.0,2809.097796719727,-30.09779671972683,-0.22010264136903993,0,0.0,24.94286714655983,1
2020-09-20 03:00:00+00:00,2869.0,2970.054751044476,-101.05475104447578,-0.6020566382410605,0,0.0,25.04492378480089,1
2020-09-20 04:00:00+00:00,3021.0,3210.4771409672653,-189.4771409672653,-1.0754054872477259,0,0.0,25.620329272048615,1
2020-09-20 05:00:00+00:00,3325.0,3545.5713944610097,-220.57139446100973,-1.2366966965668662,0,0.0,26.35702596861548,1
2020-09-20 06:00:00+00:00,3579.0,3747.3665541565474,-168.3665541565474,-0.9520693963709354,0,0.0,26.809095364986415,1
2020-09-20 07:00:00+00:00,3661.0,3817.8224942118095,-156.8224942118095,-0.8859110931111513,0,0.0,27.195006458097566,1
2020-09-20 08:00:00+00:00,3693.0,3875.369625442008,-182.36962544200745,-1.0168846292981404,0,0.0,27.711891087395706,1
2020-09-20 09:00:00+00:00,3683.0,3868.746520632988,-185.74652063298757,-1.0290717630775803,0,0.0,28.240962850473288,1
2020-09-20 10:00:00+00:00,3607.0,3865.440291361663,-258.4402913616628,-1.4082011305301332,0,0.0,29.149163981003422,1
2020-09-20 11:00:00+00:00,3538.0,3823.141335652126,-285.14133565212614,-1.5394310883364264,0,0.0,30.188595069339847,1
2020-09-20 12:00:00+00:00,3526.0,3818.877535457779,-292.8775354577788,-1.569079671727519,0,0.0,31.257674741067365,1
2020-09-20 13:00:00+00:00,3571.0,3851.249659055381,-280.249659055381,-1.4917792527484797,0,0.0,32.24945399381585,1
2020-09-20 14:00:00+00:00,3674.0,3865.858789761888,-191.8587897618877,-1.0191229818607417,0,0.0,32.76857697567659,1
2020-09-20 15:00:00+00:00,3760.0,3935.851610510456,-175.85161051045588,-0.9293249357534038,0,0.0,33.197901911429994,1
2020-09-20 16:00:00+00:00,4020.0,4031.632568512738,-11.63256851273809,-0.061651660383993494,0,0.0,32.75955357181399,1
2020-09-20 17:00:00+00:00,4150.0,4070.703404508341,79.29659549165899,0.4145207577855269,0,0.0,31.845032814028464,1
2020-09-20 18:00:00+00:00,3872.0,3886.525586125695,-14.5255861256951,-0.07814085826153072,0,0.0,31.423173672289995,1
2020-09-20 19:00:00+00:00,3588.0,3684.4361316085697,-96.43613160856968,-0.5072735135505243,0,0.0,31.430447185840517,1
2020-09-20 20:00:00+00:00,3318.0,3442.19261694348,-124.1926169434796,-0.6499702317631186,0,0.0,31.580417417603634,1
2020-09-20 21:00:00+00:00,3004.0,3163.58018272583,-159.58018272583013,-0.8324671477459995,0,0.0,31.912884565349636,1
2020-09-20 22:00:00+00:00,2842.0,2961.1317220509814,-119.13172205098137,-0.6149796044554612,0,0.0,32.0278641698051,1
2020-09-20 23:00:00+00:00,2751.0,2739.602851103545,11.397148896454835,0.07677557066021369,0,0.0,31.451088599144885,1
2020-09-21 00:00:00+00:00,2681.0,2713.6618025361536,-32.66180253615357,-0.15422158971709687,0,0.0,31.10531018886198,1
2020-09-21 01:00:00+00:00,2702.0,2711.9138430868884,-9.913843086888392,-0.031838520392438605,0,0.0,30.63714870925442,1
2020-09-21 02:00:00+00:00,2815.0,2774.3700222020284,40.629977797971605,0.23725101664947487,0,0.0,29.899897692604945,1
2020-09-21 03:00:00+00:00,3169.0,2920.9309598047976,248.06904019520243,1.3339560314766465,0,0.8339560314766465,28.0659416611283,1
2020-09-21 04:00:00+00:00,3455.0,3140.5387297046627,314.4612702953373,1.6808138557439274,0,2.0147698872205737,25.88512780538437,1
2020-09-21 05:00:00+00:00,3708.0,3469.380564523518,238.61943547648207,1.280550485328799,0,2.795320372549373,24.104577320055572,1
2020-09-21 06:00:00+00:00,3817.0,3697.90603906701,119.09396093298984,0.6527894673014903,0,2.948109839850863,22.95178785275408,1
2020-09-21 07:00:00+00:00,3766.0,3772.4006099909857,-6.400609990985686,-0.007431996632597614,0,2.4406778432182654,22.459219849386677,1
2020-09-21 08:00:00+00:00,3775.0,3824.858666700201,-49.8586667002005,-0.2341453892416673,0,1.7065324539765983,22.193365238628346,1
2020-09-21 09:00:00+00:00,3737.0,3820.945263108857,-83.94526310885703,-0.4115011345453163,0,0.7950313194312819,22.10486637317366,1
2020-09-21 10:00:00+00:00,3769.0,3807.6396538164895,-38.6396538164895,-0.1643046621252715,0,0.1307266573060104,21.769171035298932,1
2020-09-21 11:00:00+00:00,3764.0,3766.9084240652255,-2.9084240652255176,0.033357541065850246,0,0.0,21.23581349423308,1
2020-09-21 12:00:00+00:00,3764.0,3762.611707040364,1.3882929596356917,0.06243953551116831,0,0.0,20.673373958721914,1
2020-09-21 13:00:00+00:00,3751.0,3797.341828648053,-46.3418286480528,-0.19160514244650853,0,0.0,20.364979101168423,1
2020-09-21 14:00:00+00:00,3738.0,3835.049813563657,-97.04981356365715,-0.4636985328686133,0,0.0,20.328677634037035,1
2020-09-21 15:00:00+00:00,3776.0,3905.3050996786487,-129.30509967864873,-0.6358445887985638,0,0.0,20.464522222835598,1
2020-09-21 16:00:00+00:00,3973.0,4036.154896945498,-63.15489694549797,-0.2682116876624186,0,0.0,20.232733910498016,1
2020-09-21 17:00:00+00:00,4024.0,4107.759702749803,-83.75970274980318,-0.3770924933793751,0,0.0,20.109826403877392,1
2020-09-21 18:00:00+00:00,3748.0,3913.242313681148,-165.2423136811476,-0.8296291361072634,0,0.0,20.439455539984657,1
2020-09-21 19:00:00+00:00,3527.0,3670.1824703493367,-143.18247034933665,-0.70068462056551,0,0.0,20.640140160550168,1
2020-09-21 20:00:00+00:00,3324.0,3411.7769018353624,-87.77690183536242,-0.38417291297885914,0,0.0,20.524313073529026,1
2020-09-21 21:00:00+00:00,3035.0,3112.929312843772,-77.9293128437721,-0.3248240052008834,0,0.0,20.34913707872991,1
2020-09-21 22:00:00+00:00,2863.0,2923.1657407425423,-60.16574074254231,-0.220975846040394,0,0.0,20.070112924770303,1
2020-09-21 23:00:00+00:00,2775.0,2759.2494058693883,15.750594130611717,0.21177471191917646,0,0.0,19.358338212851127,1
2020-09-22 00:00:00+00:00,2741.0,2711.165781910249,29.83421808975117,0.29307227411322495,0,0.0,18.5652659387379,1
2020-09-22 01:00:00+00:00,2752.0,2718.0430809722084,33.95691902779163,0.3181174021084001,0,0.0,17.747148536629503,1
2020-09-22 02:00:00+00:00,2796.0,2803.07935660166,-7.079356601660038,0.08849319743457731,0,0.0,17.158655339194926,1
2020-09-22 03:00:00+00:00,2965.0,3035.9104792670537,-70.91047926705369,-0.26984837654052135,0,0.0,16.92850371573545,1
2020-09-22 04:00:00+00:00,3175.0,3293.814736157149,-118.81473615714911,-0.5403223257574045,0,0.0,16.968826041492854,1
2020-09-22 05:00:00+00:00,3550.0,3600.4140026696205,-50.41400266962046,-0.13773161802180822,0,0.0,16.60655765951466,1
2020-09-22 06:00:00+00:00,3748.0,3779.6079885842464,-31.607988584246414,-0.022206585319020422,0,0.0,16.12876424483368,1
2020-09-22 07:00:00+00:00,3797.0,3806.773937299445,-9.773937299445151,0.11113302460028511,0,0.0,15.517631220233394,1
2020-09-22 08:00:00+00:00,3830.0,3847.659358659281,-17.659358659281224,0.06997669978281153,0,0.0,14.947654520450582,1
2020-09-22 09:00:00+00:00,3779.0,3832.2390618134696,-53.23906181346956,-0.13612224900168138,0,0.0,14.583776769452264,1
2020-09-22 10:00:00+00:00,3743.0,3848.79071267447,-105.79071267446987,-0.4442381364694858,0,0.0,14.528014905921749,1
2020-09-22 11:00:00+00:00,3688.0,3826.809822342575,-138.8098223425745,-0.6380111748263338,0,0.0,14.666026080748082,1
2020-09-22 12:00:00+00:00,3665.0,3825.3392551030656,-160.33925510306565,-0.7643934256221543,0,0.0,14.930419506370237,1
2020-09-22 13:00:00+00:00,3700.0,3840.288939725172,-140.28893972517153,-0.6379648221513377,0,0.0,15.068384328521574,1
2020-09-22 14:00:00+00:00,3739.0,3844.569712664312,-105.56971266431174,-0.421809354108542,0,0.0,14.990193682630116,1
2020-09-22 15:00:00+00:00,3798.0,3899.436683672901,-101.43668367290049,-0.39282251763065823,0,0.0,14.883016200260775,1
2020-09-22 16:00:00+00:00,4062.0,4024.237505970909,37.76249402909161,0.4626202214960549,0,0.0,13.92039597876472,1
2020-09-22 17:00:00+00:00,4146.0,4074.544938571098,71.4550614289019,0.6691804679332204,0,0.1691804679332204,12.7512155108315,1
2020-09-22 18:00:00+00:00,3871.0,3869.332401200096,1.6675987999037716,0.24247211189091536,0,0.0,12.008743398940585,1
2020-09-22 19:00:00+00:00,3586.0,3643.446240051937,-57.446240051936456,-0.11877260161966345,0,0.0,11.627516000560249,1
2020-09-22 20:00:00+00:00,3337.0,3407.3589960551594,-70.35899605515942,-0.19609873076347628,0,0.0,11.323614731323724,1
2020-09-22 21:00:00+00:00,3030.0,3115.4047423556844,-85.40474235568445,-0.2866424177563491,0,0.0,11.110257149080073,1
2020-09-22 22:00:00+00:00,2838.0,2925.370060981276,-87.37006098127586,-0.2965021016834047,0,0.0,10.906759250763479,1
2020-09-22 23:00:00+00:00,2749.0,2733.645906003595,15.354093996405028,0.3353835488019898,0,0.0,10.07137570196149,1
2020-09-23 00:00:00+00:00,2709.0,2694.721601815449,14.278398184550952,0.33020766914868066,0,0.0,9.241168032812809,1
2020-09-23 01:00:00+00:00,2716.0,2701.6920147137475,14.30798528625246,0.3316470575426087,0,0.0,8.4095209752702,1
2020-09-23 02:00:00+00:00,2879.0,2767.281578779221,111.71842122077896,0.9292556045458906,0,0.4292556045458906,6.980265370724309,1
2020-09-23 03:00:00+00:00,3274.0,2951.046359946776,322.9536400532238,2.2067445912664567,0,2.1360001958123473,4.2735207794578525,0
2020-09-23 04:00:00+00:00,3659.0,3186.113537061729,472.8864629382711,3.0697979003153613,1,4.705798096127708,0.7037228791424912,0
2020-09-23 05:00:00+00:00,3882.0,3530.4703112274187,351.52968877258127,2.315020885666306,0,6.520818981794014,0.0,1
2020-09-23 06:00:00+00:00,4019.0,3733.7013339254568,285.29866607454323,1.9044564618879731,0,7.925275443681988,0.0,1
2020-09-23 07:00:00+00:00,4025.0,3787.526412095904,237.4735879040959,1.6099309893929843,0,9.035206433074972,0.0,1
2020-09-23 08:00:00+00:00,3997.0,3833.630505601365,163.3694943986352,1.1663733653696218,0,9.701579798444595,0.0,1
2020-09-23 09:00:00+00:00,3919.0,3811.3753541367855,107.62464586321448,0.8352396791817688,0,10.036819477626363,0.0,1
2020-09-23 10:00:00+00:00,3955.0,3805.836918403893,149.16308159610753,1.0767951160839437,0,10.613614593710306,0.0,1
2020-09-23 11:00:00+00:00,3985.0,3769.056667129352,215.9433328706482,1.4619406496294232,0,11.575555243339728,0.0,1
2020-09-23 12:00:00+00:00,3991.0,3760.519259757985,230.48074024201517,1.5380347842747786,0,12.613590027614507,0.0,1
2020-09-23 13:00:00+00:00,3973.0,3790.2526651412304,182.7473348587696,1.2533937427973665,0,13.366983770411872,0.0,1
2020-09-23 14:00:00+00:00,3955.0,3812.600436019012,142.3995639809882,1.0145727663623108,0,13.881556536774184,0.0,1
2020-09-23 15:00:00+00:00,4043.0,3874.130610953293,168.86938904670706,1.1651174762927259,0,14.54667401306691,0.0,1
2020-09-23 16:00:00+00:00,4314.0,4035.2508779101977,278.7491220898023,1.7930739547622971,0,15.839747967829208,0.0,1
2020-09-23 17:00:00+00:00,4287.0,4098.322830989235,188.67716901076528,1.2653414350459,0,16.60508940287511,0.0,1
2020-09-23 18:00:00+00:00,4008.0,3883.293272140913,124.7067278590871,0.8931476621566905,0,16.998237065031798,0.0,1
2020-09-23 19:00:00+00:00,3759.0,3635.984862476186,123.01513752381334,0.8812481351553264,0,17.379485200187126,0.0,1
2020-09-23 20:00:00+00:00,3491.0,3388.7591548647606,102.2408451352394,0.7600719448066369,0,17.639557144993763,0.0,1
2020-09-23 21:00:00+00:00,3125.0,3091.6765091046013,33.32349089539866,0.3623668230557343,0,17.501923968049496,0.0,1
2020-09-23 22:00:00+00:00,2951.0,2897.7375734514903,53.26242654850967,0.47750263395839915,0,17.479426602007894,0.0,1
2020-09-23 23:00:00+00:00,2877.0,2854.4268212742213,22.57317872577869,0.3007523655305111,0,17.280178967538404,0.0,1
2020-09-24 00:00:00+00:00,2846.0,2816.893662001688,29.10633799831203,0.33877990782472023,0,17.118958875363123,0.0,1
2020-09-24 01:00:00+00:00,2853.0,2815.3511025363823,37.648897463617686,0.38817151177612746,0,17.007130387139252,0.0,1
2020-09-24 02:00:00+00:00,2990.0,2913.6263011715523,76.37369882844769,0.6109776689345442,0,17.118108056073797,0.0,1
2020-09-24 03:00:00+00:00,3389.0,3170.071114988664,218.92888501133663,1.4276332309085578,0,18.045741286982356,0.0,1
2020-09-24 04:00:00+00:00,3659.0,3457.924758849773,201.0752411502272,1.3196638842492865,0,18.865405171231643,0.0,1
2020-09-24 05:00:00+00:00,3915.0,3745.4003539465057,169.59964605349433,1.1347873216884055,0,19.50019249292005,0.0,1
2020-09-24 06:00:00+00:00,4063.0,3920.148503282619,142.851496717381,0.9787754462071807,0,19.97896793912723,0.0,1
2020-09-24 07:00:00+00:00,4105.0,3952.230334287113,152.76966571288676,1.0320268029195576,0,20.510994742046787,0.0,1
2020-09-24 08:00:00+00:00,4139.0,3969.262741903006,169.73725809699408,1.124098360808537,0,21.135093102855325,0.0,1
2020-09-24 09:00:00+00:00,4067.0,3928.390040006231,138.60995999376885,0.9418272663278586,0,21.576920369183185,0.0,1
2020-09-24 10:00:00+00:00,4106.0,3939.715109851983,166.28489014801744,1.094393255744657,0,22.17131362492784,0.0,1
2020-09-24 11:00:00+00:00,4092.0,3926.855252794497,165.14474720550288,1.0827927376869058,0,22.754106362614746,0.0,1
2020-09-24 12:00:00+00:00,4088.0,3922.895370438449,165.10462956155106,1.077906736478042,0,23.332013099092787,0.0,1
2020-09-24 13:00:00+00:00,4051.0,3930.743464730469,120.25653526953148,0.8203029897706476,0,23.652316088863437,0.0,1
2020-09-24 14:00:00+00:00,4019.0,3931.889390616009,87.11060938399078,0.6307371854292941,0,23.78305327429273,0.0,1
2020-09-24 15:00:00+00:00,4127.0,4000.573208253551,126.426791746449,0.8498286631536189,0,24.13288193744635,0.0,1
2020-09-24 16:00:00+00:00,4368.0,4176.715867025375,191.2841329746252,1.210683388153863,0,24.843565325600213,0.0,1
2020-09-24 17:00:00+00:00,4351.0,4199.869951956847,151.13004804315278,0.9801728034176094,0,25.323738129017823,0.0,1
2020-09-24 18:00:00+00:00,4079.0,3971.402293315225,107.59770668477496,0.7316605462868068,0,25.55539867530463,0.0,1
2020-09-24 19:00:00+00:00,3798.0,3729.520288851532,68.47971114846814,0.5090055409559472,0,25.564404216260577,0.0,1
2020-09-24 20:00:00+00:00,3444.0,3473.146921995145,-29.14692199514548,-0.04115325193631921,0,25.02325096432426,0.0,1
2020-09-24 21:00:00+00:00,3238.0,3151.4398431243303,86.56015687566969,0.6083266250567436,0,25.131577589381003,0.0,1
2020-09-24 22:00:00+00:00,3042.0,2962.401974603848,79.59802539615202,0.5664524008684164,0,25.19802999024942,0.0,1
2020-09-24 23:00:00+00:00,2952.0,2951.099599730294,0.9004002697060969,0.12269292438038298,0,24.820722914629805,0.0,1
2020-09-25 00:00:00+00:00,2876.0,2895.2456892600576,-19.24568926005759,0.008637374446532162,0,24.329360289076337,0.0,1
2020-09-25 01:00:00+00:00,2884.0,2892.311860236303,-8.311860236302891,0.06963397627284836,0,23.898994265349184,0.0,1
2020-09-25 02:00:00+00:00,2997.0,2988.2265479461457,8.773452053854271,0.16502228459994087,0,23.564016549949127,0.0,1
2020-09-25 03:00:00+00:00,3356.0,3264.781103868025,91.21889613197482,0.6262561069842273,0,23.690272656933352,0.0,1
2020-09-25 04:00:00+00:00,3663.0,3522.4648775964806,140.53512240351938,0.9003304084314993,0,24.090603065364853,0.0,1
2020-09-25 05:00:00+00:00,3932.0,3810.226289504078,121.77371049592192,0.7922290778855816,0,24.382832143250436,0.0,1
2020-09-25 06:00:00+00:00,4050.0,3981.3131360274,68.68686397260035,0.49243722474526297,0,24.3752693679957,0.0,1
2020-09-25 07:00:00+00:00,4035.0,4020.8428747864655,14.157125213534528,0.1862534237060245,0,24.061522791701723,0.0,1
2020-09-25 08:00:00+00:00,4030.0,4052.171556429573,-22.17155642957277,-0.01694801590897068,0,23.544574775792753,0.0,1
2020-09-25 09:00:00+00:00,3969.0,4006.1811049064754,-37.18110490647541,-0.0996252890579874,0,22.944949486734767,0.0,1
2020-09-25 10:00:00+00:00,3999.0,4020.694964386218,-21.69496438621809,-0.012376069049849751,0,22.432573417684917,0.0,1
2020-09-25 11:00:00+00:00,3979.0,3996.588037707365,-17.5880377073654,0.011149146899179023,0,21.943722564584096,0.0,1
2020-09-25 12:00:00+00:00,3969.0,3989.07900001959,-20.079000019589785,-0.002561719079012635,0,21.441160845505085,0.0,1
2020-09-25 13:00:00+00:00,3944.0,3984.746366441386,-40.74636644138627,-0.11793440509421069,0,20.823226440410874,0.0,1
2020-09-25 14:00:00+00:00,3890.0,3976.7399858717695,-86.73998587176948,-0.37480973324932443,0,19.94841670716155,0.0,1
2020-09-25 15:00:00+00:00,3990.0,4054.6957079259214,-64.6957079259223,-0.25045266458061605,0,19.19796404258093,0.0,1
2020-09-25 16:00:00+00:00,4339.0,4233.459149703925,105.5408502960754,0.7024222388000589,0,19.40038628138099,0.0,1
2020-09-25 17:00:00+00:00,4312.0,4251.750310493851,60.24968950614857,0.4457402249716073,0,19.346126506352597,0.0,1
2020-09-25 18:00:00+00:00,3996.0,4017.0106766679455,-21.010676667946427,-0.012024239420100617,0,18.834102266932497,0.0,1
2020-09-25 19:00:00+00:00,3678.0,3761.3494602104624,-83.34946021046244,-0.36087834666199337,0,17.973223920270502,0.0,1
2020-09-25 20:00:00+00:00,3487.0,3470.648137850927,16.351862149072986,0.19863018604982488,0,17.67185410632033,0.0,1
2020-09-25 21:00:00+00:00,3218.0,3200.7002306484405,17.299769351559462,0.20463598194386715,0,17.376490088264195,0.0,1
2020-09-25 22:00:00+00:00,3036.0,3005.140351531383,30.8596484686168,0.28143401295906206,0,17.157924101223255,0.0,1
2020-09-25 23:00:00+00:00,2934.0,2930.29558821216,3.7044117878404,0.1296565754236457,0,16.7875806766469,0.0,1
2020-09-26 00:00:00+00:00,2885.0,2872.765225042361,12.23477495763882,0.17820656609528798,0,16.465787242742188,0.0,1
2020-09-26 01:00:00+00:00,2867.0,2873.2045620386266,-6.204562038626591,0.07516861060368672,0,16.040955853345874,0.0,1
2020-09-26 02:00:00+00:00,2934.0,2968.133784787639,-34.13378478763889,-0.08295727132310114,0,15.457998582022773,0.0,1
2020-09-26 03:00:00+00:00,3067.0,3251.1269275714903,-184.12692757149037,-0.9268181275035329,0,14.031180454519241,0.4268181275035329,1
2020-09-26 04:00:00+00:00,3240.0,3525.783440528904,-285.7834405289036,-1.5062839460862936,0,12.024896508432947,1.4331020735898266,1
2020-09-26 05:00:00+00:00,3637.0,3813.614530050243,-176.61453005024305,-0.9029543424613822,0,10.621942165971564,1.8360564160512087,1
2020-09-26 06:00:00+00:00,3870.0,3970.1954206117343,-100.19542061173432,-0.47449294999576247,0,9.647449215975803,1.8105493660469714,1
2020-09-26 07:00:00+00:00,3955.0,3988.913522182856,-33.91352218285556,-0.0994001380853359,0,9.048049077890466,1.4099495041323074,1
2020-09-26 08:00:00+00:00,3991.0,4005.949101060683,-14.949101060683006,0.0049935453489507765,0,8.553042623239417,0.9049559587833567,1
2020-09-26 09:00:00+00:00,3911.0,3960.012240039079,-49.01224003907873,-0.19601017932327347,0,7.857032443916143,0.6009661381066302,1
2020-09-26 10:00:00+00:00,3847.0,3975.056527465425,-128.056527465425,-0.66123747161429,0,6.6957949723018535,0.7622036097209204,1
2020-09-26 11:00:00+00:00,3767.0,3951.1698405118136,-184.1698405118136,-0.9995028337498482,0,5.196292138552005,1.2617064434707685,1
2020-09-26 12:00:00+00:00,3743.0,3942.666939497652,-199.66693949765204,-1.1039253678377892,0,3.592366770714216,1.8656318113085577,0
2020-09-26 13:00:00+00:00,3761.0,3938.418120472405,-177.418120472405,-0.9831231193852294,0,2.1092436513289865,2.3487549306937874,0
2020-09-26 14:00:00+00:00,3861.0,3919.682726986996,-58.68272698699548,-0.2821998037269392,0,1.3270438476020474,2.1309547344207265,0
2020-09-26 15:00:00+00:00,3948.0,4000.494545281582,-52.49454528158185,-0.24937124656381465,0,0.5776726010382327,1.8803259809845412,0
2020-09-26 16:00:00+00:00,4086.0,4233.6390076983325,-147.6390076983325,-0.8247897941394374,0,0.0,2.2051157751239785,0
2020-09-26 17:00:00+00:00,3931.0,4242.915755279725,-311.9157552797251,-1.8038712304216267,0,0.0,3.508987005545605,0
2020-09-26 18:00:00+00:00,3673.0,3984.048642821486,-311.0486428214858,-1.7914393439806657,0,0.0,4.800426349526271,0
2020-09-26 19:00:00+00:00,3525.0,3710.983067582295,-185.98306758229452,-1.0452653586583887,0,0.0,5.34569170818466,1
2020-09-26 20:00:00+00:00,3335.0,3472.516243204495,-137.5162432044949,-0.7564963265817649,0,0.0,5.602188034766424,1
2020-09-26 21:00:00+00:00,3071.0,3189.205569452306,-118.205569452306,-0.6417869989562239,0,0.0,5.7439750337226485,1
2020-09-26 22:00:00+00:00,2894.0,2999.759763003268,-105.75976300326784,-0.5678019452037275,0,0.0,5.8117769789263765,1
2020-09-26 23:00:00+00:00,2798.0,2801.592681888254,-3.592681888253992,0.04165947814852714,0,0.0,5.270117500777849,1
2020-09-27 00:00:00+00:00,2735.0,2759.552182322252,-24.55218232225161,-0.08533358443287895,0,0.0,4.855451085210729,0
2020-09-27 01:00:00+00:00,2732.0,2758.7159219153245,-26.715921915324543,-0.10006911784933385,0,0.0,4.455520203060063,0
2020-09-27 02:00:00+00:00,2767.0,2845.776289104489,-78.77628910448948,-0.4118187837624371,0,0.0,4.3673389868225,0
2020-09-27 03:00:00+00:00,2878.0,3061.629173911422,-183.62917391142264,-1.0390714544751853,0,0.0,4.906410441297686,0
2020-09-27 04:00:00+00:00,3074.0,3297.4718898478777,-223.4718898478777,-1.2755692819101165,0,0.0,5.681979723207802,1
2020-09-27 05:00:00+00:00,3440.0,3635.748613353893,-195.74861335389323,-1.1088894765525388,0,0.0,6.2908691997603405,1
2020-09-27 06:00:00+00:00,3657.0,3834.974444853059,-177.97444485305914,-1.0016815738498157,0,0.0,6.792550773610156,1
2020-09-27 07:00:00+00:00,3745.0,3891.096233205184,-146.09623320518403,-0.8121645866643775,0,0.0,7.104715360274533,1
2020-09-27 08:00:00+00:00,3763.0,3925.2458566884193,-162.24585668841928,-0.9074272594992808,0,0.0,7.5121426197738135,1
2020-09-27 09:00:00+00:00,3717.0,3875.167341955224,-158.1673419552235,-0.8817997269999337,0,0.0,7.893942346773747,1
2020-09-27 10:00:00+00:00,3652.0,3862.047601016472,-210.0476010164716,-1.18833262158423,0,0.0,8.582274968357977,1
2020-09-27 11:00:00+00:00,3586.0,3820.497095094039,-234.49709509403877,-1.3303848255953958,0,0.0,9.412659793953372,1
2020-09-27 12:00:00+00:00,3571.0,3810.28367258588,-239.2836725858801,-1.354270776478999,0,0.0,10.266930570432372,1
2020-09-27 13:00:00+00:00,3640.0,3822.566104324668,-182.56610432466775,-1.0149192382735148,0,0.0,10.781849808705887,1
2020-09-27 14:00:00+00:00,3714.0,3858.603308813759,-144.60330881375876,-0.7880841520852282,0,0.0,11.069933960791115,1
2020-09-27 15:00:00+00:00,3854.0,3939.8439710172033,-85.84397101720333,-0.43892133386105836,0,0.0,11.008855294652173,1
2020-09-27 16:00:00+00:00,4177.0,4112.2884315875135,64.71156841248649,0.45335008637827995,0,0.0,10.055505208273894,1
2020-09-27 17:00:00+00:00,4215.0,4072.885900003583,142.11409999641728,0.9092134697828738,0,0.40921346978287376,8.646291738491021,1
2020-09-27 18:00:00+00:00,3911.0,3831.147922001444,79.85207799855652,0.540406122010784,0,0.44961959179365774,7.605885616480236,1
2020-09-27 19:00:00+00:00,3703.0,3616.8063378846728,86.19366211532724,0.5773314469382497,0,0.5269510387319074,6.528554169541986,1
2020-09-27 20:00:00+00:00,3404.0,3387.1216283185563,16.878371681443696,0.16571945890598982,0,0.19267049763789723,5.862834710635997,1
2020-09-27 21:00:00+00:00,3102.0,3109.349006684268,-7.349006684267351,0.020806846999742168,0,0.0,5.342027863636255,1
2020-09-27 22:00:00+00:00,2924.0,2924.42878553364,-0.4287855336397115,0.06102056327714018,0,0.0,4.781007300359114,0
2020-09-27 23:00:00+00:00,2843.0,2833.3514478505176,9.648552149482384,0.12005862900634241,0,0.0,4.160948671352772,0
2020-09-28 00:00:00+00:00,2803.0,2783.5418616423267,19.458138357673302,0.1777175255280714,0,0.0,3.4832311458247007,0
2020-09-28 01:00:00+00:00,2844.0,2781.901182832452,62.09881716754808,0.42946778305188416,0,0.0,2.5537633627728167,0
2020-09-28 02:00:00+00:00,2968.0,2850.852092674539,117.14790732546088,0.7563140462647335,0,0.25631404626473353,1.2974493165080832,0
2020-09-28 03:00:00+00:00,3369.0,3043.638771397776,325.36122860222395,1.9979138029906982,0,1.7542278492554315,0.0,0
2020-09-28 04:00:00+00:00,3718.0,3275.4834884259244,442.5165115740756,2.712052675930896,0,3.9662805251863276,0.0,0
2020-09-28 05:00:00+00:00,4008.0,3607.872736355418,400.12726364458194,2.4832040471433117,0,5.94948457232964,0.0,1
2020-09-28 06:00:00+00:00,4156.0,3803.19856528506,352.8014347149401,2.2139834209192437,0,7.663467993248883,0.0,1
2020-09-28 07:00:00+00:00,4125.0,3861.90087065725,263.0991293427501,1.6808860969105106,0,8.844354090159394,0.0,1
2020-09-28 08:00:00+00:00,4148.0,3886.9844708900782,261.0155291099218,1.6765580165799803,0,10.020912106739374,0.0,1
2020-09-28 09:00:00+00:00,4046.0,3842.304067595286,203.69593240471383,1.336642135362552,0,10.857554242101926,0.0,1
2020-09-28 10:00:00+00:00,4065.0,3818.960843072929,246.03915692707096,1.6168049365582646,0,11.97435917866019,0.0,1
2020-09-28 11:00:00+00:00,4041.0,3774.8518686575294,266.1481313424697,1.772837531115906,0,13.247196709776096,0.0,1
2020-09-28 12:00:00+00:00,4038.0,3764.005392902428,273.9946070975725,1.8505433047005726,0,14.597740014476669,0.0,1
2020-09-28 13:00:00+00:00,4039.0,3793.998092670648,245.00190732935243,1.6873428372471393,0,15.785082851723807,0.0,1
2020-09-28 14:00:00+00:00,4019.0,3828.446087269189,190.55391273081068,1.340979306064409,0,16.626062157788216,0.0,1
2020-09-28 15:00:00+00:00,4127.0,3928.773254187572,198.2267458124279,1.3949452378131153,0,17.52100739560133,0.0,1
2020-09-28 16:00:00+00:00,4438.0,4164.002188805104,273.9978111948958,1.8888934195344855,0,18.909900815135817,0.0,1
2020-09-28 17:00:00+00:00,4318.0,4176.560121089943,141.4398789100569,1.0361547372779258,0,19.446055552413743,0.0,1
2020-09-28 18:00:00+00:00,3998.0,3913.360199081249,84.639800918751,0.673797584250962,0,19.619853136664705,0.0,1
2020-09-28 19:00:00+00:00,3769.0,3685.539275643957,83.46072435604356,0.6707675486505013,0,19.790620685315208,0.0,1
2020-09-28 20:00:00+00:00,3530.0,3420.7006630681462,109.29933693185376,0.8447953945250707,0,20.13541607984028,0.0,1
2020-09-28 21:00:00+00:00,3251.0,3130.15532014318,120.84467985681977,0.9225133045569961,0,20.557929384397276,0.0,1
2020-09-28 22:00:00+00:00,3059.0,2945.2285988705166,113.77140112948337,0.8768493278401035,0,20.93477871223738,0.0,1
2020-09-28 23:00:00+00:00,2968.0,2957.666662539264,10.333337460736402,0.19510732276725437,0,20.629886035004635,0.0,1
2020-09-29 00:00:00+00:00,2920.0,2902.903826314346,17.096173685653866,0.24117302727765685,0,20.371059062282292,0.0,1
2020-09-29 01:00:00+00:00,2945.0,2910.485368050088,34.514631949912655,0.35766591067132075,0,20.228724972953614,0.0,1
2020-09-29 02:00:00+00:00,3078.0,3000.847715841752,77.15228415824868,0.639336356484892,0,20.368061329438508,0.0,1
2020-09-29 03:00:00+00:00,3455.0,3281.5767814898227,173.42321851017732,1.271265952389953,0,21.13932728182846,0.0,1
2020-09-29 04:00:00+00:00,3803.0,3557.800612072674,245.19938792732592,1.7349996047043046,0,22.374326886532764,0.0,1
2020-09-29 05:00:00+00:00,4092.0,3862.4360715207767,229.56392847922325,1.6237963976209067,0,23.49812328415367,0.0,1
2020-09-29 06:00:00+00:00,4208.0,4030.971550195402,177.02844980459804,1.2716539136645952,0,24.269777197818264,0.0,1
2020-09-29 07:00:00+00:00,4174.0,4046.38665780649,127.6133421935101,0.9427958391754578,0,24.71257303699372,0.0,1
2020-09-29 08:00:00+00:00,4170.0,4067.53124682451,102.46875317548984,0.7739446043320712,0,24.986517641325793,0.0,1
2020-09-29 09:00:00+00:00,4067.0,3997.738215846542,69.26178415345794,0.5533235411843914,0,25.039841182510184,0.0,1
2020-09-29 10:00:00+00:00,4062.0,3994.4291861821935,67.57081381780563,0.5393153637942589,0,25.079156546304443,0.0,1
2020-09-29 11:00:00+00:00,4048.0,3958.732844032935,89.26715596706481,0.6775544839772436,0,25.256711030281686,0.0,1
2020-09-29 12:00:00+00:00,4023.0,3948.345882818446,74.65411718155383,0.5790068798658439,0,25.33571791014753,0.0,1
2020-09-29 13:00:00+00:00,4022.0,3956.324389287344,65.67561071265573,0.5173744691705815,0,25.35309237931811,0.0,1
2020-09-29 14:00:00+00:00,4008.0,3960.408558239172,47.59144176082782,0.3980462513403867,0,25.251138630658495,0.0,1
2020-09-29 15:00:00+00:00,4203.0,4053.046717062249,149.95328293775083,1.0616690375407105,0,25.812807668199206,0.0,1
2020-09-29 16:00:00+00:00,4502.0,4297.017090471732,204.9829095282685,1.4114503462862518,0,26.724258014485457,0.0,1
2020-09-29 17:00:00+00:00,4375.0,4252.647880262274,122.35211973772584,0.8696139489398207,0,27.09387196342528,0.0,1
2020-09-29 18:00:00+00:00,4064.0,3973.7494505914246,90.25054940857537,0.6575495194861432,0,27.25142148291142,0.0,1
2020-09-29 19:00:00+00:00,3836.0,3739.33689350821,96.66310649179012,0.6954100567535685,0,27.44683153966499,0.0,1
2020-09-29 20:00:00+00:00,3585.0,3489.6834702450305,95.31652975496944,0.6831343590013217,0,27.629965898666313,0.0,1
2020-09-29 21:00:00+00:00,3262.0,3204.460775284183,57.539224715817,0.435896814894961,0,27.565862713561273,0.0,1
2020-09-29 22:00:00+00:00,3078.0,3014.235680146046,63.76431985395402,0.47384462570401314,0,27.539707339265288,0.0,1
2020-09-29 23:00:00+00:00,2987.0,2982.121329116058,4.87867088394205,0.09068286095881123,0,27.1303902002241,0.0,1
2020-09-30 00:00:00+00:00,2954.0,2932.420508573414,21.579491426586173,0.19835266801282164,0,26.82874286823692,0.0,1
2020-09-30 01:00:00+00:00,2980.0,2939.609490111233,40.39050988876716,0.3194210833523511,0,26.64816395158927,0.0,1
2020-09-30 02:00:00+00:00,3122.0,3038.9143947583616,83.0856052416384,0.5943585556895981,0,26.74252250727887,0.0,1
2020-09-30 03:00:00+00:00,3486.0,3331.477464892958,154.52253510704213,1.0540925974104691,0,27.29661510468934,0.0,1
2020-09-30 04:00:00+00:00,3838.0,3619.620920778904,218.37907922109665,1.4587643318233288,0,28.25537943651267,0.0,1
2020-09-30 05:00:00+00:00,4062.0,3921.154993740915,140.84500625908504,0.9541100294390152,0,28.709489465951684,0.0,1
2020-09-30 06:00:00+00:00,4222.0,4074.021077585104,147.97892241489626,0.9968953661550494,0,29.206384832106732,0.0,1
2020-09-30 07:00:00+00:00,4196.0,4080.087187681411,115.9128123185892,0.788293157349651,0,29.494677989456385,0.0,1
2020-09-30 08:00:00+00:00,4190.0,4091.217780721652,98.7822192783483,0.6774114465237657,0,29.67208943598015,0.0,1
2020-09-30 09:00:00+00:00,4142.0,4015.0841248346833,126.91587516531672,0.856010282211561,0,30.02809971819171,0.0,1
2020-09-30 10:00:00+00:00,4125.0,4006.380326920053,118.61967307994657,0.800040544669666,0,30.32814026286138,0.0,1
2020-09-30 11:00:00+00:00,4073.0,3976.201928579459,96.79807142054096,0.6578154089900341,0,30.485955671851414,0.0,1
2020-09-30 12:00:00+00:00,4070.0,3958.786198024039,111.21380197596136,0.7478402750753399,0,30.733795946926755,0.0,1
2020-09-30 13:00:00+00:00,4073.0,3964.722367352461,108.27763264753958,0.7263298694887133,0,30.960125816415466,0.0,1
2020-09-30 14:00:00+00:00,4056.0,3966.963478028749,89.03652197125075,0.6007047893812228,0,31.06083060579669,0.0,1
2020-09-30 15:00:00+00:00,4262.0,4094.67690674868,167.32309325132064,1.0962095910381342,0,31.65704019683482,0.0,1
2020-09-30 16:00:00+00:00,4580.0,4346.610883509946,233.38911649005425,1.5094018850230415,0,32.66644208185786,0.0,1
2020-09-30 17:00:00+00:00,4475.0,4286.116605293276,188.88339470672415,1.2200324253505297,0,33.38647450720839,0.0,1
2020-09-30 18:00:00+00:00,4173.0,4002.798682352703,170.2013176472974,1.096102363280851,0,33.98257687048924,0.0,1
2020-09-30 19:00:00+00:00,3871.0,3769.6927669764095,101.30723302358956,0.6567512476074618,0,34.1393281180967,0.0,1
2020-09-30 20:00:00+00:00,3608.0,3517.407364732824,90.59263526717588,0.5867473114093078,0,34.226075429506004,0.0,1
2020-09-30 21:00:00+00:00,3263.0,3216.984004261017,46.01599573898284,0.30357632617435026,0,34.029651755680355,0.0,1
2020-09-30 22:00:00+00:00,3071.0,3029.4706968462,41.5293031537999,0.27416155075482884,0,33.80381330643518,0.0,1
